Date,Open,High,Low,Close,Volume,Price_Change,Percentage_Change,Average_Price,Range
30/05/2024,3.33,3.36,3.31,3.32,9913413,-0.01,-0.3003003,3.335,0.05
29/05/2024,3.39,3.41,3.32,3.32,9654434,-0.07,-2.064896755,3.365,0.09
28/05/2024,3.48,3.5,3.38,3.38,16922020,-0.1,-2.873563218,3.44,0.12
27/05/2024,3.52,3.54,3.48,3.48,7963633,-0.04,-1.136363636,3.51,0.06
24/05/2024,3.5,3.55,3.5,3.52,11801280,0.02,0.571428571,3.525,0.05
23/05/2024,3.48,3.54,3.48,3.54,9445461,0.06,1.724137931,3.51,0.06
22/05/2024,3.52,3.55,3.48,3.49,6807475,-0.03,-0.852272727,3.515,0.07
21/05/2024,3.55,3.65,3.51,3.52,10778050,-0.03,-0.845070423,3.58,0.14
20/05/2024,3.51,3.58,3.49,3.58,6776758,0.07,1.994301994,3.535,0.09
17/05/2024,3.49,3.56,3.47,3.52,12689210,0.03,0.859598854,3.515,0.09
16/05/2024,3.39,3.5,3.37,3.5,15932600,0.11,3.244837758,3.435,0.13
15/05/2024,3.39,3.4,3.34,3.39,8530483,0,0,3.37,0.06
14/05/2024,3.4,3.41,3.38,3.38,6161630,-0.02,-0.588235294,3.395,0.03
13/05/2024,3.41,3.43,3.38,3.39,8367179,-0.02,-0.586510264,3.405,0.05
10/05/2024,3.43,3.43,3.38,3.39,10340490,-0.04,-1.166180758,3.405,0.05
09/05/2024,3.5,3.5,3.41,3.42,10494730,-0.08,-2.285714286,3.455,0.09
08/05/2024,3.49,3.49,3.46,3.49,7522357,0,0,3.475,0.03
07/05/2024,3.47,3.48,3.45,3.48,6804787,0.01,0.288184438,3.465,0.03
06/05/2024,3.48,3.49,3.45,3.45,6556334,-0.03,-0.862068966,3.47,0.04
03/05/2024,3.49,3.49,3.45,3.46,6854560,-0.03,-0.859598854,3.47,0.04
02/05/2024,3.49,3.5,3.47,3.47,6264582,-0.02,-0.573065903,3.485,0.03
01/05/2024,3.5,3.51,3.48,3.49,6076391,-0.01,-0.285714286,3.495,0.03
30/04/2024,3.52,3.53,3.48,3.49,7800864,-0.03,-0.852272727,3.505,0.05
29/04/2024,3.5,3.52,3.47,3.52,7740095,0.02,0.571428571,3.495,0.05
26/04/2024,3.5,3.52,3.48,3.48,8482717,-0.02,-0.571428571,3.5,0.04
25/04/2024,3.45,3.53,3.45,3.48,8119608,0.03,0.869565217,3.49,0.08
24/04/2024,3.47,3.47,3.45,3.46,8342357,-0.01,-0.288184438,3.46,0.02
23/04/2024,3.49,3.5,3.45,3.47,8668551,-0.02,-0.573065903,3.475,0.05
22/04/2024,3.47,3.5,3.46,3.47,7486926,0,0,3.48,0.04
19/04/2024,3.48,3.5,3.45,3.48,8575199,0,0,3.475,0.05
18/04/2024,3.51,3.52,3.48,3.48,11130400,-0.03,-0.854700855,3.5,0.04
17/04/2024,3.5,3.53,3.49,3.51,10386980,0.01,0.285714286,3.51,0.04
16/04/2024,3.52,3.54,3.47,3.5,11435310,-0.02,-0.568181818,3.505,0.07
15/04/2024,3.55,3.55,3.48,3.48,10859500,-0.07,-1.971830986,3.515,0.07
05/04/2024,3.56,3.57,3.52,3.57,7255862,0.01,0.280898876,3.545,0.05
04/04/2024,3.65,3.65,3.62,3.65,7976119,0,0,3.635,0.03
03/04/2024,3.66,3.66,3.63,3.64,9009607,-0.02,-0.546448087,3.645,0.03
02/04/2024,3.65,3.68,3.63,3.63,8295717,-0.02,-0.547945205,3.655,0.05
01/04/2024,3.68,3.68,3.65,3.65,5714080,-0.03,-0.815217391,3.665,0.03
29/03/2024,3.66,3.67,3.64,3.67,11328200,0.01,0.273224044,3.655,0.03
28/03/2024,3.68,3.68,3.64,3.64,6625287,-0.04,-1.086956522,3.66,0.04
27/03/2024,3.7,3.71,3.66,3.66,7622920,-0.04,-1.081081081,3.685,0.05
26/03/2024,3.7,3.73,3.69,3.69,7209446,-0.01,-0.27027027,3.71,0.04
25/03/2024,3.72,3.72,3.68,3.7,6295259,-0.02,-0.537634409,3.7,0.04
22/03/2024,3.69,3.73,3.68,3.72,5835630,0.03,0.81300813,3.705,0.05
21/03/2024,3.68,3.7,3.66,3.68,9445980,0,0,3.68,0.04
20/03/2024,3.65,3.69,3.65,3.69,14384260,0.04,1.095890411,3.67,0.04
19/03/2024,3.68,3.68,3.64,3.64,9002289,-0.04,-1.086956522,3.66,0.04
18/03/2024,3.64,3.71,3.62,3.67,9138067,0.03,0.824175824,3.665,0.09
15/03/2024,3.6,3.64,3.59,3.64,11451320,0.04,1.111111111,3.615,0.05
14/03/2024,3.57,3.62,3.56,3.6,9104103,0.03,0.840336134,3.59,0.06
13/03/2024,3.59,3.61,3.57,3.57,6367462,-0.02,-0.557103064,3.59,0.04
12/03/2024,3.56,3.62,3.56,3.58,7631692,0.02,0.561797753,3.59,0.06
11/03/2024,3.58,3.58,3.55,3.56,7241810,-0.02,-0.558659218,3.565,0.03
08/03/2024,3.55,3.58,3.54,3.58,6722933,0.03,0.845070423,3.56,0.04
07/03/2024,3.54,3.57,3.52,3.57,6718386,0.03,0.847457627,3.545,0.05
06/03/2024,3.58,3.58,3.53,3.55,10553020,-0.03,-0.837988827,3.555,0.05
05/03/2024,3.64,3.65,3.58,3.58,6615511,-0.06,-1.648351648,3.615,0.07
04/03/2024,3.61,3.65,3.6,3.64,7998425,0.03,0.831024931,3.625,0.05
01/03/2024,3.52,3.6,3.51,3.6,10205350,0.08,2.272727273,3.555,0.09
29/02/2024,3.51,3.54,3.46,3.5,18285240,-0.01,-0.284900285,3.5,0.08
28/02/2024,3.57,3.57,3.48,3.5,12957370,-0.07,-1.960784314,3.525,0.09
27/02/2024,3.66,3.66,3.56,3.57,10598310,-0.09,-2.459016393,3.61,0.1
26/02/2024,3.64,3.66,3.6,3.66,6352434,0.02,0.549450549,3.63,0.06
23/02/2024,3.66,3.68,3.62,3.64,5730416,-0.02,-0.546448087,3.65,0.06
22/02/2024,3.72,3.74,3.66,3.67,8602670,-0.05,-1.344086022,3.7,0.08
21/02/2024,3.72,3.73,3.69,3.72,7137065,0,0,3.71,0.04
20/02/2024,3.7,3.71,3.68,3.71,7404093,0.01,0.27027027,3.695,0.03
19/02/2024,3.73,3.74,3.67,3.7,6868926,-0.03,-0.804289544,3.705,0.07
16/02/2024,3.69,3.73,3.68,3.73,6913495,0.04,1.08401084,3.705,0.05
15/02/2024,3.7,3.71,3.65,3.7,5271602,0,0,3.68,0.06
14/02/2024,3.7,3.73,3.69,3.71,9297154,0.01,0.27027027,3.71,0.04
13/02/2024,3.68,3.72,3.67,3.7,6522472,0.02,0.543478261,3.695,0.05
12/02/2024,3.68,3.7,3.65,3.66,4712432,-0.02,-0.543478261,3.675,0.05
09/02/2024,3.73,3.73,3.66,3.67,11835740,-0.06,-1.608579088,3.695,0.07
08/02/2024,3.61,3.73,3.61,3.7,13047720,0.09,2.493074792,3.67,0.12
07/02/2024,3.58,3.62,3.56,3.6,6535571,0.02,0.558659218,3.59,0.06
06/02/2024,3.56,3.57,3.51,3.57,5394916,0.01,0.280898876,3.54,0.06
05/02/2024,3.56,3.6,3.53,3.55,6140101,-0.01,-0.280898876,3.565,0.07
02/02/2024,3.57,3.58,3.52,3.57,4843969,0,0,3.55,0.06
01/02/2024,3.56,3.57,3.48,3.57,8987664,0.01,0.280898876,3.525,0.09
31/01/2024,3.59,3.59,3.55,3.55,6901566,-0.04,-1.114206128,3.57,0.04
30/01/2024,3.57,3.6,3.54,3.54,6572505,-0.03,-0.840336134,3.57,0.06
29/01/2024,3.59,3.59,3.54,3.56,6219868,-0.03,-0.835654596,3.565,0.05
26/01/2024,3.58,3.6,3.55,3.58,6386040,0,0,3.575,0.05
25/01/2024,3.56,3.6,3.56,3.56,6617780,0,0,3.58,0.04
24/01/2024,3.58,3.6,3.52,3.54,7119717,-0.04,-1.117318436,3.56,0.08
23/01/2024,3.61,3.62,3.57,3.58,6119418,-0.03,-0.831024931,3.595,0.05
22/01/2024,3.58,3.61,3.57,3.61,5718602,0.03,0.837988827,3.59,0.04
19/01/2024,3.57,3.59,3.55,3.57,8292581,0,0,3.57,0.04
18/01/2024,3.61,3.61,3.58,3.58,7243517,-0.03,-0.831024931,3.595,0.03
17/01/2024,3.58,3.64,3.58,3.63,8719513,0.05,1.396648045,3.61,0.06
16/01/2024,3.63,3.66,3.56,3.64,11075040,0.01,0.275482094,3.61,0.1
15/01/2024,3.65,3.66,3.62,3.63,6634972,-0.02,-0.547945205,3.64,0.04
12/01/2024,3.68,3.68,3.64,3.67,7237038,-0.01,-0.27173913,3.66,0.04
11/01/2024,3.67,3.7,3.65,3.68,57495609,0.01,0.272479564,3.675,0.05
10/01/2024,3.69,3.7,3.65,3.65,7094264,-0.04,-1.08401084,3.675,0.05
09/01/2024,3.66,3.7,3.65,3.69,9052638,0.03,0.819672131,3.675,0.05
08/01/2024,3.68,3.7,3.65,3.65,8867084,-0.03,-0.815217391,3.675,0.05
05/01/2024,3.65,3.69,3.63,3.67,5782107,0.02,0.547945205,3.66,0.06
04/01/2024,3.68,3.68,3.66,3.66,6149252,-0.02,-0.543478261,3.67,0.02
03/01/2024,3.73,3.73,3.68,3.68,7961082,-0.05,-1.340482574,3.705,0.05
02/01/2024,3.71,3.74,3.7,3.72,7716472,0.01,0.269541779,3.72,0.04
29/12/2023,3.66,3.72,3.63,3.7,6436283,0.04,1.092896175,3.675,0.09
28/12/2023,3.61,3.67,3.59,3.63,7058162,0.02,0.55401662,3.63,0.08
27/12/2023,3.62,3.63,3.58,3.61,6645593,-0.01,-0.276243094,3.605,0.05
26/12/2023,3.6,3.62,3.58,3.62,4751165,0.02,0.555555556,3.6,0.04
25/12/2023,3.63,3.63,3.6,3.62,4881369,-0.01,-0.275482094,3.615,0.03
22/12/2023,3.57,3.64,3.55,3.64,5268769,0.07,1.960784314,3.595,0.09
21/12/2023,3.59,3.59,3.53,3.57,5229469,-0.02,-0.557103064,3.56,0.06
20/12/2023,3.62,3.65,3.59,3.59,6329874,-0.03,-0.828729282,3.62,0.06
19/12/2023,3.6,3.64,3.56,3.62,5648547,0.02,0.555555556,3.6,0.08
18/12/2023,3.63,3.63,3.59,3.59,3811886,-0.04,-1.101928375,3.61,0.04
15/12/2023,3.6,3.63,3.59,3.63,8893589,0.03,0.833333333,3.61,0.04
14/12/2023,3.6,3.66,3.58,3.6,7636136,0,0,3.62,0.08
13/12/2023,3.65,3.65,3.59,3.59,18203971,-0.06,-1.643835616,3.62,0.06
12/12/2023,3.68,3.68,3.62,3.63,6072814,-0.05,-1.358695652,3.65,0.06
11/12/2023,3.68,3.68,3.62,3.68,6058957,0,0,3.65,0.06
08/12/2023,3.72,3.74,3.66,3.69,7055779,-0.03,-0.806451613,3.7,0.08
07/12/2023,3.7,3.75,3.66,3.75,5524282,0.05,1.351351351,3.705,0.09
06/12/2023,3.76,3.76,3.7,3.75,5298292,-0.01,-0.265957447,3.73,0.06
05/12/2023,3.77,3.79,3.71,3.79,6421721,0.02,0.530503979,3.75,0.08
01/12/2023,3.79,3.79,3.73,3.78,4735993,-0.01,-0.263852243,3.76,0.06
30/11/2023,3.77,3.82,3.74,3.8,13839500,0.03,0.795755968,3.78,0.08
29/11/2023,3.7,3.77,3.69,3.77,7261298,0.07,1.891891892,3.73,0.08
28/11/2023,3.59,3.78,3.59,3.7,10989230,0.11,3.064066852,3.685,0.19
27/11/2023,3.66,3.66,3.58,3.62,7560239,-0.04,-1.092896175,3.62,0.08
24/11/2023,3.63,3.67,3.61,3.66,7416374,0.03,0.826446281,3.64,0.06
23/11/2023,3.6,3.66,3.53,3.63,9558786,0.03,0.833333333,3.595,0.13
22/11/2023,3.65,3.66,3.59,3.63,5084411,-0.02,-0.547945205,3.625,0.07
21/11/2023,3.67,3.71,3.62,3.64,7237917,-0.03,-0.817438692,3.665,0.09
20/11/2023,3.62,3.68,3.58,3.68,6718110,0.06,1.657458564,3.63,0.1
17/11/2023,3.71,3.71,3.6,3.61,7732040,-0.1,-2.69541779,3.655,0.11
16/11/2023,3.71,3.73,3.68,3.71,10974830,0,0,3.705,0.05
15/11/2023,3.68,3.75,3.68,3.72,9865143,0.04,1.086956522,3.715,0.07
14/11/2023,3.69,3.7,3.67,3.68,5538012,-0.01,-0.27100271,3.685,0.03
13/11/2023,3.62,3.68,3.61,3.68,7600340,0.06,1.657458564,3.645,0.07
10/11/2023,3.48,3.66,3.48,3.63,10163940,0.15,4.310344828,3.57,0.18
09/11/2023,3.53,3.6,3.46,3.46,7658271,-0.07,-1.983002833,3.53,0.14
08/11/2023,3.63,3.65,3.51,3.52,6966366,-0.11,-3.03030303,3.58,0.14
07/11/2023,3.59,3.64,3.57,3.64,6596135,0.05,1.39275766,3.605,0.07
06/11/2023,3.6,3.71,3.57,3.59,6352158,-0.01,-0.277777778,3.64,0.14
03/11/2023,3.61,3.61,3.54,3.59,6317561,-0.02,-0.55401662,3.575,0.07
02/11/2023,3.37,3.61,3.37,3.6,19495949,0.23,6.824925816,3.49,0.24
01/11/2023,3.35,3.38,3.34,3.36,10609510,0.01,0.298507463,3.36,0.04
31/10/2023,3.37,3.4,3.34,3.36,8284481,-0.01,-0.296735905,3.37,0.06
30/10/2023,3.37,3.5,3.35,3.36,10146330,-0.01,-0.296735905,3.425,0.15
27/10/2023,3.38,3.38,3.3,3.34,6087425,-0.04,-1.183431953,3.34,0.08
26/10/2023,3.45,3.45,3.34,3.36,6414121,-0.09,-2.608695652,3.395,0.11
25/10/2023,3.33,3.51,3.33,3.42,9579464,0.09,2.702702703,3.42,0.18
24/10/2023,3.37,3.38,3.29,3.32,7333921,-0.05,-1.483679525,3.335,0.09
23/10/2023,3.35,3.39,3.26,3.35,6061319,0,0,3.325,0.13
20/10/2023,3.48,3.48,3.24,3.36,19373881,-0.12,-3.448275862,3.36,0.24
19/10/2023,3.56,3.56,3.41,3.44,8901781,-0.12,-3.370786517,3.485,0.15
18/10/2023,3.55,3.55,3.48,3.53,7686724,-0.02,-0.563380282,3.515,0.07
17/10/2023,3.47,3.56,3.47,3.54,6732391,0.07,2.017291066,3.515,0.09
16/10/2023,3.53,3.56,3.44,3.5,10555700,-0.03,-0.849858357,3.5,0.12
13/10/2023,3.64,3.65,3.46,3.52,14333040,-0.12,-3.296703297,3.555,0.19
12/10/2023,3.59,3.67,3.58,3.62,7967049,0.03,0.835654596,3.625,0.09
11/10/2023,3.51,3.63,3.45,3.57,23165180,0.06,1.709401709,3.54,0.18
10/10/2023,3.54,3.55,3.43,3.45,12753130,-0.09,-2.542372881,3.49,0.12
09/10/2023,3.65,3.65,3.51,3.51,7509846,-0.14,-3.835616438,3.58,0.14
06/10/2023,3.66,3.68,3.65,3.65,4346976,-0.01,-0.273224044,3.665,0.03
05/10/2023,3.68,3.69,3.66,3.66,2967278,-0.02,-0.543478261,3.675,0.03
04/10/2023,3.7,3.71,3.65,3.67,7144181,-0.03,-0.810810811,3.68,0.06
03/10/2023,3.78,3.81,3.78,3.79,9976243,0.01,0.264550265,3.795,0.03
02/10/2023,3.77,3.79,3.76,3.77,4835891,0,0,3.775,0.03
28/09/2023,3.81,3.81,3.75,3.75,9419565,-0.06,-1.57480315,3.78,0.06
27/09/2023,3.81,3.82,3.79,3.8,3892727,-0.01,-0.262467192,3.805,0.03
26/09/2023,3.83,3.83,3.78,3.78,11007780,-0.05,-1.305483029,3.805,0.05
25/09/2023,3.79,3.81,3.77,3.8,5389699,0.01,0.263852243,3.79,0.04
22/09/2023,3.8,3.81,3.77,3.78,6059383,-0.02,-0.526315789,3.79,0.04
21/09/2023,3.81,3.82,3.78,3.8,7676173,-0.01,-0.262467192,3.8,0.04
20/09/2023,3.79,3.83,3.79,3.79,6643123,0,0,3.81,0.04
19/09/2023,3.8,3.8,3.78,3.8,3253242,0,0,3.79,0.02
18/09/2023,3.8,3.8,3.77,3.77,3284124,-0.03,-0.789473684,3.785,0.03
15/09/2023,3.75,3.8,3.75,3.8,8387248,0.05,1.333333333,3.775,0.05
14/09/2023,3.78,3.79,3.74,3.77,4540436,-0.01,-0.264550265,3.765,0.05
13/09/2023,3.76,3.78,3.74,3.78,5695459,0.02,0.531914894,3.76,0.04
12/09/2023,3.74,3.77,3.74,3.76,5584902,0.02,0.534759358,3.755,0.03
11/09/2023,3.71,3.75,3.69,3.74,4003293,0.03,0.808625337,3.72,0.06
08/09/2023,3.71,3.74,3.7,3.71,4517644,0,0,3.72,0.04
07/09/2023,3.78,3.79,3.7,3.71,7778094,-0.07,-1.851851852,3.745,0.09
06/09/2023,3.83,3.83,3.78,3.78,4611066,-0.05,-1.305483029,3.805,0.05
05/09/2023,3.83,3.83,3.78,3.83,5421024,0,0,3.805,0.05
04/09/2023,3.81,3.83,3.8,3.82,4754941,0.01,0.262467192,3.815,0.03
01/09/2023,3.83,3.85,3.81,3.81,4254584,-0.02,-0.522193211,3.83,0.04
31/08/2023,3.88,3.88,3.81,3.81,11089480,-0.07,-1.804123711,3.845,0.07
30/08/2023,3.86,3.9,3.85,3.88,4825758,0.02,0.518134715,3.875,0.05
29/08/2023,3.83,3.87,3.83,3.87,5007941,0.04,1.044386423,3.85,0.04
28/08/2023,3.84,3.88,3.83,3.83,5374475,-0.01,-0.260416667,3.855,0.05
25/08/2023,3.86,3.86,3.81,3.82,5788280,-0.04,-1.03626943,3.835,0.05
24/08/2023,3.85,3.86,3.83,3.84,5270063,-0.01,-0.25974026,3.845,0.03
23/08/2023,3.86,3.87,3.83,3.84,5201597,-0.02,-0.518134715,3.85,0.04
22/08/2023,3.86,3.87,3.78,3.85,7561909,-0.01,-0.259067358,3.825,0.09
21/08/2023,3.88,3.89,3.85,3.85,6388204,-0.03,-0.773195876,3.87,0.04
18/08/2023,3.89,3.91,3.87,3.87,5693472,-0.02,-0.514138817,3.89,0.04
17/08/2023,3.91,3.91,3.88,3.88,4816610,-0.03,-0.767263427,3.895,0.03
16/08/2023,3.93,3.94,3.88,3.89,6739337,-0.04,-1.017811705,3.91,0.06
15/08/2023,3.9,3.94,3.9,3.92,6111083,0.02,0.512820513,3.92,0.04
14/08/2023,3.93,3.95,3.86,3.87,5956699,-0.06,-1.526717557,3.905,0.09
11/08/2023,3.9,3.96,3.9,3.93,6259777,0.03,0.769230769,3.93,0.06
10/08/2023,3.88,3.91,3.87,3.9,7316946,0.02,0.515463918,3.89,0.04
09/08/2023,3.88,3.92,3.87,3.88,5726516,0,0,3.895,0.05
08/08/2023,3.92,3.92,3.86,3.86,8907709,-0.06,-1.530612245,3.89,0.06
07/08/2023,3.9,3.92,3.87,3.91,5749523,0.01,0.256410256,3.895,0.05
04/08/2023,3.91,3.93,3.9,3.9,4791735,-0.01,-0.255754476,3.915,0.03
03/08/2023,3.94,3.95,3.9,3.9,7951805,-0.04,-1.015228426,3.925,0.05
02/08/2023,3.94,3.98,3.93,3.94,6245861,0,0,3.955,0.05
01/08/2023,3.92,3.94,3.91,3.94,5042083,0.02,0.510204082,3.925,0.03
31/07/2023,3.94,3.94,3.9,3.9,9603907,-0.04,-1.015228426,3.92,0.04
28/07/2023,3.93,3.96,3.92,3.93,5440494,0,0,3.94,0.04
27/07/2023,3.98,3.98,3.93,3.93,5075361,-0.05,-1.256281407,3.955,0.05
26/07/2023,3.99,3.99,3.95,3.97,5912545,-0.02,-0.501253133,3.97,0.04
25/07/2023,4,4.02,3.96,3.96,8141340,-0.04,-1,3.99,0.06
24/07/2023,3.96,4,3.96,4,5422818,0.04,1.01010101,3.98,0.04
20/07/2023,4,4,3.93,3.97,6158903,-0.03,-0.75,3.965,0.07
19/07/2023,4.02,4.04,3.96,3.97,6245491,-0.05,-1.243781095,4,0.08
18/07/2023,4.03,4.03,4,4.02,4222546,-0.01,-0.248138958,4.015,0.03
17/07/2023,4.03,4.05,3.99,4,5266150,-0.03,-0.744416873,4.02,0.06
14/07/2023,4.01,4.04,4.01,4.04,5369049,0.03,0.748129676,4.025,0.03
13/07/2023,4.04,4.04,3.99,4.01,5741383,-0.03,-0.742574257,4.015,0.05
12/07/2023,3.99,4.06,3.98,4,9918972,0.01,0.250626566,4.02,0.08
11/07/2023,3.98,4.04,3.97,3.99,8075742,0.01,0.251256281,4.005,0.07
10/07/2023,3.96,3.98,3.96,3.98,5641488,0.02,0.505050505,3.97,0.02
07/07/2023,3.98,4,3.96,3.96,4148854,-0.02,-0.502512563,3.98,0.04
06/07/2023,3.96,4,3.95,3.97,8989315,0.01,0.252525253,3.975,0.05
05/07/2023,3.92,3.97,3.9,3.96,9324972,0.04,1.020408163,3.935,0.07
04/07/2023,3.9,3.92,3.89,3.89,7563678,-0.01,-0.256410256,3.905,0.03
03/07/2023,3.94,3.94,3.89,3.89,10342140,-0.05,-1.269035533,3.915,0.05
26/06/2023,3.97,3.97,3.9,3.9,8280582,-0.07,-1.763224181,3.935,0.07
23/06/2023,3.97,3.98,3.94,3.95,4227081,-0.02,-0.503778338,3.96,0.04
22/06/2023,3.96,3.96,3.94,3.96,3528413,0,0,3.95,0.02
21/06/2023,3.98,3.98,3.94,3.96,5085532,-0.02,-0.502512563,3.96,0.04
20/06/2023,3.96,3.98,3.95,3.98,5671683,0.02,0.505050505,3.965,0.03
19/06/2023,3.97,3.98,3.93,3.98,4134327,0.01,0.251889169,3.955,0.05
16/06/2023,4,4,3.92,3.98,14114170,-0.02,-0.5,3.96,0.08
15/06/2023,4.03,4.03,3.96,3.96,7079402,-0.07,-1.736972705,3.995,0.07
14/06/2023,4.04,4.08,3.98,3.99,10370840,-0.05,-1.237623762,4.03,0.1
13/06/2023,4.1,4.1,4.03,4.03,6012810,-0.07,-1.707317073,4.065,0.07
12/06/2023,4.15,4.15,4.08,4.1,3705811,-0.05,-1.204819277,4.115,0.07
09/06/2023,4.18,4.18,4.11,4.11,4227898,-0.07,-1.674641148,4.145,0.07
08/06/2023,4.17,4.2,4.08,4.2,27385311,0.03,0.71942446,4.14,0.12
07/06/2023,4.08,4.14,4.08,4.14,4069223,0.06,1.470588235,4.11,0.06
06/06/2023,4.06,4.12,4.06,4.08,4628226,0.02,0.492610837,4.09,0.06
05/06/2023,4.08,4.1,4.05,4.08,6206924,0,0,4.075,0.05
02/06/2023,4.08,4.13,4.01,4.13,6485556,0.05,1.225490196,4.07,0.12
01/06/2023,4.16,4.17,4.08,4.08,6614446,-0.08,-1.923076923,4.125,0.09
31/05/2023,4.02,4.17,4.02,4.14,19477730,0.12,2.985074627,4.095,0.15
30/05/2023,3.88,4.02,3.86,4.02,6482459,0.14,3.608247423,3.94,0.16
29/05/2023,3.99,3.99,3.84,3.86,4091060,-0.13,-3.258145363,3.915,0.15
26/05/2023,3.95,4,3.93,3.93,7396769,-0.02,-0.506329114,3.965,0.07
25/05/2023,4.01,4.03,3.94,3.94,7355455,-0.07,-1.74563591,3.985,0.09
24/05/2023,4.11,4.14,4,4,6372598,-0.11,-2.676399027,4.07,0.14
23/05/2023,4.16,4.16,4.09,4.12,4512740,-0.04,-0.961538462,4.125,0.07
22/05/2023,4.15,4.17,4.1,4.16,4223226,0.01,0.240963855,4.135,0.07
19/05/2023,4.1,4.15,4.08,4.12,4337863,0.02,0.487804878,4.115,0.07
18/05/2023,4.15,4.17,4.09,4.09,8707813,-0.06,-1.445783133,4.13,0.08
17/05/2023,4.21,4.21,4.15,4.15,4274867,-0.06,-1.425178147,4.18,0.06
16/05/2023,4.28,4.28,4.14,4.16,6902764,-0.12,-2.803738318,4.21,0.14
15/05/2023,4.34,4.34,4.16,4.21,5044998,-0.13,-2.995391705,4.25,0.18
12/05/2023,4.33,4.35,4.3,4.3,4954491,-0.03,-0.692840647,4.325,0.05
11/05/2023,4.36,4.38,4.32,4.37,4705605,0.01,0.229357798,4.35,0.06
10/05/2023,4.28,4.39,4.27,4.39,11852550,0.11,2.570093458,4.33,0.12
09/05/2023,4.37,4.4,4.26,4.26,8977711,-0.11,-2.517162471,4.33,0.14
08/05/2023,4.42,4.43,4.34,4.34,5793382,-0.08,-1.809954751,4.385,0.09
05/05/2023,4.43,4.43,4.38,4.41,5195880,-0.02,-0.451467269,4.405,0.05
04/05/2023,4.4,4.43,4.33,4.43,9393238,0.03,0.681818182,4.38,0.1
03/05/2023,4.41,4.41,4.38,4.4,9685217,-0.01,-0.22675737,4.395,0.03
02/05/2023,4.4,4.42,4.38,4.41,5946200,0.01,0.227272727,4.4,0.04
01/05/2023,4.37,4.48,4.35,4.4,7501304,0.03,0.686498856,4.415,0.13
28/04/2023,4.34,4.39,4.32,4.39,9452703,0.05,1.152073733,4.355,0.07
27/04/2023,4.32,4.35,4.3,4.33,7592114,0.01,0.231481481,4.325,0.05
26/04/2023,4.36,4.37,4.31,4.31,9579947,-0.05,-1.146788991,4.34,0.06
25/04/2023,4.36,4.39,4.33,4.36,10414750,0,0,4.36,0.06
24/04/2023,4.31,4.36,4.29,4.36,7816877,0.05,1.160092807,4.325,0.07
19/04/2023,4.36,4.36,4.3,4.31,8898205,-0.05,-1.146788991,4.33,0.06
18/04/2023,4.36,4.38,4.32,4.38,11222030,0.02,0.458715596,4.35,0.06
17/04/2023,4.35,4.38,4.29,4.38,8634923,0.03,0.689655172,4.335,0.09
14/04/2023,4.33,4.4,4.32,4.38,9282946,0.05,1.154734411,4.36,0.08
13/04/2023,4.35,4.4,4.26,4.33,10964180,-0.02,-0.459770115,4.33,0.14
12/04/2023,4.21,4.31,4.21,4.31,10340510,0.1,2.375296912,4.26,0.1
11/04/2023,4.25,4.25,4.2,4.2,10839340,-0.05,-1.176470588,4.225,0.05
10/04/2023,4.24,4.27,4.22,4.23,7911316,-0.01,-0.235849057,4.245,0.05
07/04/2023,4.26,4.26,4.21,4.24,11276540,-0.02,-0.469483568,4.235,0.05
06/04/2023,4.26,4.26,4.21,4.22,7624796,-0.04,-0.938967136,4.235,0.05
05/04/2023,4.29,4.29,4.21,4.23,8131169,-0.06,-1.398601399,4.25,0.08
04/04/2023,4.28,4.28,4.25,4.27,10974830,-0.01,-0.23364486,4.265,0.03
03/04/2023,4.22,4.28,4.19,4.28,11041490,0.06,1.421800948,4.235,0.09
31/03/2023,4.22,4.23,4.18,4.18,10669630,-0.04,-0.947867299,4.205,0.05
30/03/2023,4.22,4.23,4.2,4.22,7812968,0,0,4.215,0.03
29/03/2023,4.22,4.25,4.21,4.21,7347547,-0.01,-0.236966825,4.23,0.04
28/03/2023,4.2,4.22,4.16,4.22,10494020,0.02,0.476190476,4.19,0.06
27/03/2023,4.2,4.23,4.15,4.15,9122712,-0.05,-1.19047619,4.19,0.08
24/03/2023,4.2,4.24,4.18,4.18,10235220,-0.02,-0.476190476,4.21,0.06
23/03/2023,4.31,4.34,4.31,4.34,9235303,0.03,0.696055684,4.325,0.03
22/03/2023,4.28,4.34,4.27,4.32,11099550,0.04,0.934579439,4.305,0.07
21/03/2023,4.21,4.29,4.21,4.27,12287920,0.06,1.425178147,4.25,0.08
20/03/2023,4.19,4.3,4.18,4.3,10339310,0.11,2.625298329,4.24,0.12
17/03/2023,4.14,4.21,4.14,4.21,15960830,0.07,1.690821256,4.175,0.07
16/03/2023,4.14,4.19,4.11,4.17,9921222,0.03,0.724637681,4.15,0.08
15/03/2023,4.24,4.24,4.11,4.12,13180900,-0.12,-2.830188679,4.175,0.13
14/03/2023,4.27,4.28,4.2,4.21,14075520,-0.06,-1.405152225,4.24,0.08
13/03/2023,4.31,4.32,4.26,4.32,10228510,0.01,0.232018561,4.29,0.06
10/03/2023,4.28,4.3,4.24,4.3,8467490,0.02,0.46728972,4.27,0.06
09/03/2023,4.26,4.3,4.23,4.23,8534826,-0.03,-0.704225352,4.265,0.07
08/03/2023,4.3,4.31,4.21,4.22,9404809,-0.08,-1.860465116,4.26,0.1
07/03/2023,4.3,4.37,4.27,4.27,9691554,-0.03,-0.697674419,4.32,0.1
06/03/2023,4.28,4.31,4.27,4.3,10118660,0.02,0.46728972,4.29,0.04
03/03/2023,4.3,4.3,4.24,4.25,8690720,-0.05,-1.162790698,4.27,0.06
02/03/2023,4.3,4.34,4.26,4.26,10128860,-0.04,-0.930232558,4.3,0.08
01/03/2023,4.34,4.34,4.27,4.28,11004170,-0.06,-1.382488479,4.305,0.07
28/02/2023,4.38,4.38,4.29,4.32,16639420,-0.06,-1.369863014,4.335,0.09
27/02/2023,4.25,4.38,4.25,4.3,13953480,0.05,1.176470588,4.315,0.13
24/02/2023,4.25,4.27,4.21,4.25,10828350,0,0,4.24,0.06
23/02/2023,4.31,4.34,4.25,4.25,10580350,-0.06,-1.392111369,4.295,0.09
22/02/2023,4.31,4.37,4.3,4.32,9216817,0.01,0.232018561,4.335,0.07
21/02/2023,4.34,4.34,4.3,4.32,5606000,-0.02,-0.460829493,4.32,0.04
20/02/2023,4.41,4.41,4.32,4.32,5436612,-0.09,-2.040816327,4.365,0.09
17/02/2023,4.42,4.42,4.33,4.39,6853513,-0.03,-0.678733032,4.375,0.09
16/02/2023,4.45,4.46,4.38,4.38,10780900,-0.07,-1.573033708,4.42,0.08
15/02/2023,4.46,4.46,4.41,4.46,10832590,0,0,4.435,0.05
14/02/2023,4.49,4.49,4.45,4.46,10104710,-0.03,-0.668151448,4.47,0.04
13/02/2023,4.47,4.49,4.44,4.46,10291970,-0.01,-0.223713647,4.465,0.05
10/02/2023,4.43,4.46,4.4,4.46,8265452,0.03,0.677200903,4.43,0.06
09/02/2023,4.41,4.44,4.32,4.44,17646580,0.03,0.680272109,4.38,0.12
08/02/2023,4.41,4.45,4.41,4.44,8431316,0.03,0.680272109,4.43,0.04
07/02/2023,4.42,4.46,4.41,4.41,10439930,-0.01,-0.226244344,4.435,0.05
06/02/2023,4.46,4.46,4.39,4.46,10265790,0,0,4.425,0.07
03/02/2023,4.46,4.46,4.44,4.46,7504909,0,0,4.45,0.02
02/02/2023,4.39,4.47,4.39,4.46,9702538,0.07,1.59453303,4.43,0.08
01/02/2023,4.38,4.43,4.35,4.39,9027123,0.01,0.228310502,4.39,0.08
31/01/2023,4.5,4.5,4.37,4.4,17984279,-0.1,-2.222222222,4.435,0.13
30/01/2023,4.47,4.5,4.32,4.5,12367330,0.03,0.67114094,4.41,0.18
27/01/2023,4.49,4.5,4.42,4.46,7979523,-0.03,-0.668151448,4.46,0.08
26/01/2023,4.51,4.54,4.45,4.45,8603023,-0.06,-1.33037694,4.495,0.09
25/01/2023,4.5,4.53,4.45,4.5,8498876,0,0,4.49,0.08
24/01/2023,4.49,4.53,4.44,4.49,9762965,0,0,4.485,0.09
23/01/2023,4.54,4.54,4.42,4.49,7846312,-0.05,-1.101321586,4.48,0.12
20/01/2023,4.52,4.54,4.48,4.53,9050550,0.01,0.221238938,4.51,0.06
19/01/2023,4.48,4.54,4.48,4.5,9485715,0.02,0.446428571,4.51,0.06
18/01/2023,4.45,4.5,4.45,4.5,9690005,0.05,1.123595506,4.475,0.05
17/01/2023,4.45,4.52,4.41,4.46,12623200,0.01,0.224719101,4.465,0.11
16/01/2023,4.45,4.5,4.42,4.5,9780078,0.05,1.123595506,4.46,0.08
13/01/2023,4.39,4.45,4.36,4.44,12165040,0.05,1.138952164,4.405,0.09
12/01/2023,4.48,4.51,4.34,4.36,17632631,-0.12,-2.678571429,4.425,0.17
11/01/2023,4.65,4.66,4.42,4.46,16472500,-0.19,-4.086021505,4.54,0.24
10/01/2023,4.58,4.72,4.56,4.64,11769130,0.06,1.310043668,4.64,0.16
09/01/2023,4.52,4.61,4.48,4.61,10681120,0.09,1.991150442,4.545,0.13
06/01/2023,4.48,4.55,4.46,4.55,8086179,0.07,1.5625,4.505,0.09
05/01/2023,4.56,4.56,4.47,4.47,10414360,-0.09,-1.973684211,4.515,0.09
04/01/2023,4.55,4.59,4.51,4.55,8713899,0,0,4.55,0.08
03/01/2023,4.46,4.57,4.45,4.54,9208881,0.08,1.793721973,4.51,0.12
02/01/2023,4.43,4.46,4.41,4.46,7483817,0.03,0.677200903,4.435,0.05
30/12/2022,4.45,4.45,4.4,4.41,8201208,-0.04,-0.898876404,4.425,0.05
29/12/2022,4.4,4.43,4.4,4.42,8639296,0.02,0.454545455,4.415,0.03
28/12/2022,4.44,4.44,4.4,4.4,8501294,-0.04,-0.900900901,4.42,0.04
27/12/2022,4.47,4.53,4.4,4.4,8870316,-0.07,-1.565995526,4.465,0.13
26/12/2022,4.48,4.48,4.44,4.45,7212872,-0.03,-0.669642857,4.46,0.04
23/12/2022,4.51,4.51,4.47,4.48,7434756,-0.03,-0.66518847,4.49,0.04
22/12/2022,4.58,4.58,4.49,4.5,8361218,-0.08,-1.746724891,4.535,0.09
21/12/2022,4.58,4.58,4.51,4.55,9720707,-0.03,-0.655021834,4.545,0.07
20/12/2022,4.59,4.63,4.53,4.6,8360370,0.01,0.217864924,4.58,0.1
19/12/2022,4.66,4.66,4.57,4.65,9216103,-0.01,-0.214592275,4.615,0.09
16/12/2022,4.6,4.72,4.56,4.72,14915240,0.12,2.608695652,4.64,0.16
15/12/2022,4.56,4.6,4.55,4.6,10323730,0.04,0.877192982,4.575,0.05
14/12/2022,4.55,4.56,4.49,4.55,8080084,0,0,4.525,0.07
13/12/2022,4.49,4.55,4.46,4.55,9575291,0.06,1.336302895,4.505,0.09
12/12/2022,4.53,4.53,4.43,4.53,9060874,0,0,4.48,0.1
09/12/2022,4.4,4.57,4.4,4.53,10344760,0.13,2.954545455,4.485,0.17
08/12/2022,4.49,4.5,4.39,4.48,8324386,-0.01,-0.222717149,4.445,0.11
07/12/2022,4.55,4.59,4.49,4.49,8833013,-0.06,-1.318681319,4.54,0.1
06/12/2022,4.49,4.59,4.48,4.55,10093730,0.06,1.336302895,4.535,0.11
05/12/2022,4.55,4.58,4.42,4.5,12577410,-0.05,-1.098901099,4.5,0.16
30/11/2022,4.36,4.56,4.31,4.56,21535449,0.2,4.587155963,4.435,0.25
29/11/2022,4.33,4.36,4.3,4.36,8367331,0.03,0.692840647,4.33,0.06
28/11/2022,4.35,4.35,4.31,4.31,8627069,-0.04,-0.91954023,4.33,0.04
25/11/2022,4.4,4.4,4.33,4.33,8752984,-0.07,-1.590909091,4.365,0.07
24/11/2022,4.37,4.42,4.34,4.42,8777269,0.05,1.14416476,4.38,0.08
23/11/2022,4.37,4.42,4.31,4.36,12305490,-0.01,-0.228832952,4.365,0.11
22/11/2022,4.42,4.42,4.35,4.35,9078071,-0.07,-1.583710407,4.385,0.07
21/11/2022,4.4,4.41,4.35,4.41,9002179,0.01,0.227272727,4.38,0.06
18/11/2022,4.36,4.44,4.35,4.44,9127603,0.08,1.834862385,4.395,0.09
17/11/2022,4.41,4.41,4.33,4.36,9565488,-0.05,-1.133786848,4.37,0.08
16/11/2022,4.45,4.48,4.4,4.41,9018530,-0.04,-0.898876404,4.44,0.08
15/11/2022,4.53,4.55,4.45,4.45,9367049,-0.08,-1.766004415,4.5,0.1
14/11/2022,4.51,4.55,4.48,4.55,8350754,0.04,0.88691796,4.515,0.07
11/11/2022,4.5,4.55,4.45,4.5,9044039,0,0,4.5,0.1
10/11/2022,4.52,4.54,4.42,4.47,8613644,-0.05,-1.10619469,4.48,0.12
09/11/2022,4.55,4.59,4.5,4.5,11173750,-0.05,-1.098901099,4.545,0.09
08/11/2022,4.51,4.55,4.47,4.55,10721150,0.04,0.88691796,4.51,0.08
07/11/2022,4.53,4.54,4.42,4.54,10757190,0.01,0.220750552,4.48,0.12
04/11/2022,4.35,4.54,4.31,4.54,11743020,0.19,4.367816092,4.425,0.23
03/11/2022,4.4,4.4,4.3,4.35,10320710,-0.05,-1.136363636,4.35,0.1
02/11/2022,4.47,4.47,4.29,4.38,12331180,-0.09,-2.013422819,4.38,0.18
01/11/2022,4.45,4.53,4.4,4.44,11591470,-0.01,-0.224719101,4.465,0.13
31/10/2022,4.42,4.52,4.42,4.51,9602348,0.09,2.036199095,4.47,0.1
28/10/2022,4.48,4.48,4.41,4.45,7866135,-0.03,-0.669642857,4.445,0.07
27/10/2022,4.45,4.49,4.45,4.48,10442340,0.03,0.674157303,4.47,0.04
26/10/2022,4.45,4.46,4.41,4.46,8971679,0.01,0.224719101,4.435,0.05
25/10/2022,4.36,4.45,4.35,4.45,15168480,0.09,2.064220183,4.4,0.1
24/10/2022,4.35,4.38,4.31,4.38,7811607,0.03,0.689655172,4.345,0.07
21/10/2022,4.37,4.4,4.33,4.4,13621570,0.03,0.686498856,4.365,0.07
20/10/2022,4.22,4.38,4.21,4.38,13979790,0.16,3.791469194,4.295,0.17
19/10/2022,4.24,4.25,4.19,4.23,10432740,-0.01,-0.235849057,4.22,0.06
18/10/2022,4.2,4.25,4.2,4.25,9646248,0.05,1.19047619,4.225,0.05
17/10/2022,4.25,4.26,4.18,4.19,9325264,-0.06,-1.411764706,4.22,0.08
14/10/2022,4.29,4.29,4.24,4.24,8969866,-0.05,-1.165501166,4.265,0.05
13/10/2022,4.29,4.32,4.21,4.21,9719958,-0.08,-1.864801865,4.265,0.11
12/10/2022,4.38,4.38,4.29,4.31,9157501,-0.07,-1.598173516,4.335,0.09
11/10/2022,4.45,4.45,4.33,4.38,9092909,-0.07,-1.573033708,4.39,0.12
10/10/2022,4.46,4.46,4.35,4.45,9078013,-0.01,-0.224215247,4.405,0.11
07/10/2022,4.39,4.46,4.37,4.46,8872100,0.07,1.59453303,4.415,0.09
06/10/2022,4.35,4.43,4.35,4.36,13376790,0.01,0.229885057,4.39,0.08
05/10/2022,4.52,4.52,4.4,4.49,12916480,-0.03,-0.663716814,4.46,0.12
04/10/2022,4.45,4.51,4.43,4.51,12969670,0.06,1.348314607,4.47,0.08
03/10/2022,4.44,4.47,4.36,4.42,10619690,-0.02,-0.45045045,4.415,0.11
30/09/2022,4.45,4.49,4.39,4.44,9836481,-0.01,-0.224719101,4.44,0.1
29/09/2022,4.44,4.45,4.33,4.45,10851450,0.01,0.225225225,4.39,0.12
28/09/2022,4.25,4.45,4.25,4.4,18797320,0.15,3.529411765,4.35,0.2
27/09/2022,4.28,4.3,4.21,4.21,10236570,-0.07,-1.635514019,4.255,0.09
26/09/2022,4.25,4.31,4.21,4.23,11179490,-0.02,-0.470588235,4.26,0.1
23/09/2022,4.42,4.44,4.32,4.35,10139830,-0.07,-1.583710407,4.38,0.12
22/09/2022,4.31,4.45,4.29,4.4,12817740,0.09,2.088167053,4.37,0.16
21/09/2022,4.32,4.33,4.31,4.32,11146610,0,0,4.32,0.02
20/09/2022,4.26,4.33,4.25,4.33,10647070,0.07,1.643192488,4.29,0.08
19/09/2022,4.38,4.38,4.25,4.3,11478840,-0.08,-1.826484018,4.315,0.13
16/09/2022,4.31,4.42,4.28,4.42,16480891,0.11,2.552204176,4.35,0.14
15/09/2022,4.2,4.32,4.2,4.3,11326300,0.1,2.380952381,4.26,0.12
14/09/2022,4.17,4.19,4.15,4.17,9202688,0,0,4.17,0.04
13/09/2022,4.18,4.21,4.17,4.2,11957720,0.02,0.4784689,4.19,0.04
12/09/2022,4.15,4.19,4.14,4.19,9180632,0.04,0.963855422,4.165,0.05
09/09/2022,4.2,4.2,4.15,4.15,8718629,-0.05,-1.19047619,4.175,0.05
08/09/2022,4.18,4.22,4.17,4.17,13849320,-0.01,-0.23923445,4.195,0.05
07/09/2022,4.22,4.22,4.16,4.16,11633340,-0.06,-1.421800948,4.19,0.06
06/09/2022,4.36,4.37,4.22,4.22,15090520,-0.14,-3.211009174,4.295,0.15
05/09/2022,4.38,4.4,4.32,4.32,9472114,-0.06,-1.369863014,4.36,0.08
02/09/2022,4.37,4.42,4.36,4.39,9184820,0.02,0.457665904,4.39,0.06
01/09/2022,4.47,4.48,4.33,4.35,11797560,-0.12,-2.684563758,4.405,0.15
31/08/2022,4.49,4.54,4.44,4.44,18013600,-0.05,-1.113585746,4.49,0.1
30/08/2022,4.59,4.59,4.49,4.49,13045870,-0.1,-2.178649237,4.54,0.1
29/08/2022,4.64,4.64,4.56,4.57,10986120,-0.07,-1.50862069,4.6,0.08
26/08/2022,4.65,4.7,4.64,4.69,11824680,0.04,0.860215054,4.67,0.06
25/08/2022,4.69,4.7,4.62,4.63,8336621,-0.06,-1.279317697,4.66,0.08
24/08/2022,4.6,4.69,4.57,4.69,8879938,0.09,1.956521739,4.63,0.12
23/08/2022,4.57,4.62,4.56,4.62,8476892,0.05,1.094091904,4.59,0.06
22/08/2022,4.6,4.62,4.57,4.57,8246883,-0.03,-0.652173913,4.595,0.05
19/08/2022,4.57,4.64,4.57,4.61,8648289,0.04,0.875273523,4.605,0.07
18/08/2022,4.68,4.71,4.57,4.57,10179170,-0.11,-2.35042735,4.64,0.14
17/08/2022,4.6,4.67,4.6,4.67,8880163,0.07,1.52173913,4.635,0.07
16/08/2022,4.66,4.69,4.59,4.6,18522160,-0.06,-1.287553648,4.64,0.1
15/08/2022,4.8,4.85,4.66,4.66,15251280,-0.14,-2.916666667,4.755,0.19
12/08/2022,4.73,4.88,4.69,4.88,15799320,0.15,3.171247357,4.785,0.19
11/08/2022,4.7,4.75,4.68,4.75,14833260,0.05,1.063829787,4.715,0.07
10/08/2022,4.61,4.74,4.61,4.68,21229770,0.07,1.518438178,4.675,0.13
09/08/2022,4.34,4.58,4.34,4.58,17764891,0.24,5.529953917,4.46,0.24
08/08/2022,4.32,4.4,4.32,4.4,12761530,0.08,1.851851852,4.36,0.08
05/08/2022,4.3,4.33,4.26,4.32,9533312,0.02,0.465116279,4.295,0.07
04/08/2022,4.33,4.34,4.29,4.32,9804827,-0.01,-0.230946882,4.315,0.05
03/08/2022,4.26,4.33,4.24,4.33,13554820,0.07,1.643192488,4.285,0.09
02/08/2022,4.22,4.28,4.19,4.28,12766350,0.06,1.421800948,4.235,0.09
01/08/2022,4.28,4.28,4.18,4.23,14287930,-0.05,-1.168224299,4.23,0.1
29/07/2022,4.25,4.29,4.24,4.28,15585560,0.03,0.705882353,4.265,0.05
28/07/2022,4.2,4.27,4.19,4.27,14509260,0.07,1.666666667,4.23,0.08
27/07/2022,4.19,4.21,4.19,4.2,13736370,0.01,0.238663484,4.2,0.02
26/07/2022,4.2,4.21,4.19,4.2,11580260,0,0,4.2,0.02
25/07/2022,4.16,4.21,4.16,4.2,15578080,0.04,0.961538462,4.185,0.05
22/07/2022,4.19,4.21,4.18,4.21,13969790,0.02,0.477326969,4.195,0.03
21/07/2022,4.19,4.21,4.16,4.19,12000950,0,0,4.185,0.05
20/07/2022,4.22,4.23,4.18,4.18,12650230,-0.04,-0.947867299,4.205,0.05
19/07/2022,4.21,4.24,4.19,4.24,11315850,0.03,0.712589074,4.215,0.05
18/07/2022,4.22,4.23,4.18,4.21,11693420,-0.01,-0.236966825,4.205,0.05
15/07/2022,4.17,4.23,4.16,4.22,11312920,0.05,1.199040767,4.195,0.07
14/07/2022,4.16,4.24,4.15,4.17,11950710,0.01,0.240384615,4.195,0.09
13/07/2022,4.23,4.25,4.16,4.16,13030890,-0.07,-1.654846336,4.205,0.09
12/07/2022,4.2,4.24,4.19,4.23,12071980,0.03,0.714285714,4.215,0.05
07/07/2022,4.19,4.26,4.16,4.25,18255949,0.06,1.431980907,4.21,0.1
06/07/2022,4.14,4.19,4.09,4.19,13816850,0.05,1.207729469,4.14,0.1
05/07/2022,4.11,4.15,4.07,4.11,12628150,0,0,4.11,0.08
04/07/2022,4.2,4.21,4.12,4.13,12124570,-0.07,-1.666666667,4.165,0.09
01/07/2022,4.2,4.24,4.2,4.22,11128160,0.02,0.476190476,4.22,0.04
30/06/2022,4.25,4.26,4.2,4.22,15622670,-0.03,-0.705882353,4.23,0.06
29/06/2022,4.18,4.27,4.18,4.27,21175789,0.09,2.153110048,4.225,0.09
28/06/2022,4.16,4.2,4.16,4.19,14152350,0.03,0.721153846,4.18,0.04
27/06/2022,4.16,4.19,4.12,4.16,13965560,0,0,4.155,0.07
24/06/2022,4.1,4.19,4.07,4.18,13547130,0.08,1.951219512,4.13,0.12
23/06/2022,4.03,4.1,4,4.1,14853850,0.07,1.736972705,4.05,0.1
22/06/2022,4.09,4.09,4.02,4.02,15478810,-0.07,-1.711491443,4.055,0.07
21/06/2022,4.04,4.09,4.03,4.09,14465620,0.05,1.237623762,4.06,0.06
20/06/2022,4.12,4.16,4.02,4.02,15922790,-0.1,-2.427184466,4.09,0.14
17/06/2022,4.16,4.18,4.1,4.1,28847750,-0.06,-1.442307692,4.14,0.08
16/06/2022,4.19,4.19,4.13,4.16,14053990,-0.03,-0.715990453,4.16,0.06
15/06/2022,4.16,4.19,4.15,4.17,13778360,0.01,0.240384615,4.17,0.04
14/06/2022,4.14,4.19,4.14,4.18,12568430,0.04,0.966183575,4.165,0.05
13/06/2022,4.17,4.19,4.12,4.17,14850490,0,0,4.155,0.07
10/06/2022,4.17,4.19,4.14,4.18,12366940,0.01,0.239808153,4.165,0.05
09/06/2022,4.14,4.17,4.13,4.17,15294760,0.03,0.724637681,4.15,0.04
08/06/2022,4.15,4.16,4.12,4.15,13361930,0,0,4.14,0.04
07/06/2022,4.15,4.16,4.11,4.16,14870710,0.01,0.240963855,4.135,0.05
06/06/2022,4.11,4.16,4.09,4.14,19100939,0.03,0.729927007,4.125,0.07
03/06/2022,4.15,4.15,4.08,4.12,14102740,-0.03,-0.722891566,4.115,0.07
02/06/2022,4.13,4.16,4.11,4.14,19074770,0.01,0.242130751,4.135,0.05
01/06/2022,4.15,4.16,4.1,4.13,17773801,-0.02,-0.481927711,4.13,0.06
31/05/2022,4.18,4.19,4.11,4.19,83928094,0.01,0.23923445,4.15,0.08
30/05/2022,4.13,4.19,4.12,4.17,19426340,0.04,0.968523002,4.155,0.07
27/05/2022,4.08,4.15,4.08,4.11,17204449,0.03,0.735294118,4.115,0.07
26/05/2022,4.07,4.12,4.07,4.08,17255410,0.01,0.245700246,4.095,0.05
25/05/2022,4.02,4.08,3.98,4.06,17496529,0.04,0.995024876,4.03,0.1
24/05/2022,4.08,4.1,3.92,4,18956859,-0.08,-1.960784314,4.01,0.18
23/05/2022,4.1,4.11,4.04,4.11,18069141,0.01,0.243902439,4.075,0.07
20/05/2022,4.08,4.13,4.07,4.11,18106689,0.03,0.735294118,4.1,0.06
19/05/2022,4.09,4.1,4.03,4.09,18611801,0,0,4.065,0.07
18/05/2022,4.09,4.13,4.07,4.13,19076801,0.04,0.97799511,4.1,0.06
17/05/2022,4.03,4.12,4.03,4.09,16932439,0.06,1.488833747,4.075,0.09
13/05/2022,3.95,4.08,3.95,4.03,14020380,0.08,2.025316456,4.015,0.13
12/05/2022,4.08,4.08,3.8,3.95,19786359,-0.13,-3.18627451,3.94,0.28
11/05/2022,4.13,4.13,4.07,4.08,16342460,-0.05,-1.210653753,4.1,0.06
10/05/2022,4.1,4.13,4.09,4.13,16241720,0.03,0.731707317,4.11,0.04
09/05/2022,4.12,4.13,4.07,4.1,12986410,-0.02,-0.485436893,4.1,0.06
06/05/2022,4.07,4.13,4.06,4.13,12491430,0.06,1.474201474,4.095,0.07
05/05/2022,4.13,4.13,4.07,4.07,12019730,-0.06,-1.452784504,4.1,0.06
29/04/2022,4.09,4.13,4.07,4.13,15423510,0.04,0.97799511,4.1,0.06
28/04/2022,4.08,4.09,4.07,4.08,14055460,0,0,4.08,0.02
27/04/2022,4.08,4.09,4.04,4.09,13627190,0.01,0.245098039,4.065,0.05
26/04/2022,4.05,4.07,4.04,4.05,10658390,0,0,4.055,0.03
25/04/2022,4.06,4.08,4.03,4.05,11274240,-0.01,-0.246305419,4.055,0.05
22/04/2022,4.08,4.08,4.06,4.06,10738340,-0.02,-0.490196078,4.07,0.02
21/04/2022,4.08,4.09,4.07,4.07,14037450,-0.01,-0.245098039,4.08,0.02
20/04/2022,4.1,4.1,4.07,4.07,12796050,-0.03,-0.731707317,4.085,0.03
19/04/2022,4.09,4.11,4.08,4.08,12178290,-0.01,-0.244498778,4.095,0.03
18/04/2022,4.09,4.1,4.07,4.1,13371920,0.01,0.244498778,4.085,0.03
15/04/2022,4.12,4.12,4.08,4.09,9670014,-0.03,-0.72815534,4.1,0.04
14/04/2022,4.12,4.12,4.09,4.12,11054120,0,0,4.105,0.03
13/04/2022,4.08,4.11,4.07,4.11,12194750,0.03,0.735294118,4.09,0.04
12/04/2022,4.09,4.11,4.07,4.08,11636980,-0.01,-0.244498778,4.09,0.04
11/04/2022,4.1,4.13,4.09,4.09,14905540,-0.01,-0.243902439,4.11,0.04
08/04/2022,4.14,4.14,4.09,4.1,11514850,-0.04,-0.966183575,4.115,0.05
07/04/2022,4.14,4.15,4.11,4.15,11367810,0.01,0.241545894,4.13,0.04
06/04/2022,4.12,4.15,4.12,4.15,8742882,0.03,0.72815534,4.135,0.03
05/04/2022,4.12,4.13,4.1,4.12,7764762,0,0,4.115,0.03
04/04/2022,4.11,4.13,4.1,4.12,10289300,0.01,0.243309002,4.115,0.03
01/04/2022,4.13,4.15,4.09,4.12,9875764,-0.01,-0.242130751,4.12,0.06
31/03/2022,4.23,4.23,4.17,4.2,12565250,-0.03,-0.709219858,4.2,0.06
30/03/2022,4.2,4.24,4.19,4.24,11946840,0.04,0.952380952,4.215,0.05
29/03/2022,4.22,4.23,4.2,4.21,12771030,-0.01,-0.236966825,4.215,0.03
28/03/2022,4.14,4.22,4.12,4.22,20222160,0.08,1.93236715,4.17,0.1
25/03/2022,4.13,4.14,4.12,4.14,8864238,0.01,0.242130751,4.13,0.02
24/03/2022,4.14,4.15,4.11,4.14,10670160,0,0,4.13,0.04
23/03/2022,4.12,4.15,4.12,4.14,10298010,0.02,0.485436893,4.135,0.03
22/03/2022,4.09,4.14,4.09,4.14,9409096,0.05,1.222493888,4.115,0.05
21/03/2022,4.11,4.12,4.09,4.09,9290058,-0.02,-0.486618005,4.105,0.03
18/03/2022,4.1,4.12,4.08,4.12,16139920,0.02,0.487804878,4.1,0.04
17/03/2022,4.13,4.13,4.09,4.11,11526590,-0.02,-0.484261501,4.11,0.04
16/03/2022,4.08,4.12,4.08,4.12,11015140,0.04,0.980392157,4.1,0.04
15/03/2022,4.1,4.1,4.05,4.07,10832530,-0.03,-0.731707317,4.075,0.05
14/03/2022,4.12,4.12,4.09,4.09,12783880,-0.03,-0.72815534,4.105,0.03
11/03/2022,4.11,4.13,4.09,4.11,10470230,0,0,4.11,0.04
10/03/2022,4.12,4.13,4.1,4.12,6904807,0,0,4.115,0.03
09/03/2022,4.15,4.18,4.12,4.12,8501595,-0.03,-0.722891566,4.15,0.06
08/03/2022,4.16,4.16,4.14,4.14,12242560,-0.02,-0.480769231,4.15,0.02
07/03/2022,4.22,4.22,4.14,4.15,13803480,-0.07,-1.658767773,4.18,0.08
04/03/2022,4.23,4.3,4.2,4.21,13202650,-0.02,-0.472813239,4.25,0.1
03/03/2022,4.18,4.24,4.18,4.24,20269891,0.06,1.435406699,4.21,0.06
02/03/2022,4.11,4.19,4.1,4.18,15910430,0.07,1.703163017,4.145,0.09
01/03/2022,4.08,4.15,4.08,4.13,12436970,0.05,1.225490196,4.115,0.07
28/02/2022,4.08,4.12,4.05,4.12,11458930,0.04,0.980392157,4.085,0.07
25/02/2022,4.09,4.11,4.08,4.08,8405962,-0.01,-0.244498778,4.095,0.03
24/02/2022,4.1,4.1,4.05,4.07,11079870,-0.03,-0.731707317,4.075,0.05
23/02/2022,4.1,4.16,4.1,4.15,11614470,0.05,1.219512195,4.13,0.06
22/02/2022,4.08,4.12,4.05,4.12,10586120,0.04,0.980392157,4.085,0.07
21/02/2022,4.09,4.1,4.06,4.08,10810190,-0.01,-0.244498778,4.08,0.04
18/02/2022,4.09,4.12,4.09,4.11,11257150,0.02,0.488997555,4.105,0.03
17/02/2022,4.11,4.12,4.09,4.12,7784487,0.01,0.243309002,4.105,0.03
16/02/2022,4.11,4.12,4.08,4.12,12824950,0.01,0.243309002,4.1,0.04
15/02/2022,4.08,4.11,4.05,4.1,11285020,0.02,0.490196078,4.08,0.06
14/02/2022,4.07,4.1,4.03,4.09,12351190,0.02,0.491400491,4.065,0.07
11/02/2022,4.06,4.12,4.06,4.12,9962737,0.06,1.477832512,4.09,0.06
10/02/2022,4.08,4.08,4.05,4.06,14268420,-0.02,-0.490196078,4.065,0.03
09/02/2022,4.07,4.08,4.06,4.07,12684210,0,0,4.07,0.02
08/02/2022,4.06,4.08,4.05,4.06,10747450,0,0,4.065,0.03
07/02/2022,4.12,4.12,4.06,4.07,15728690,-0.05,-1.213592233,4.09,0.06
04/02/2022,4.11,4.12,4.08,4.12,9010424,0.01,0.243309002,4.1,0.04
03/02/2022,4.13,4.13,4.1,4.12,8087955,-0.01,-0.242130751,4.115,0.03
02/02/2022,4.1,4.14,4.1,4.13,8426994,0.03,0.731707317,4.12,0.04
01/02/2022,4.17,4.17,4.1,4.1,10047520,-0.07,-1.678657074,4.135,0.07
31/01/2022,4.11,4.15,4.11,4.13,9229220,0.02,0.486618005,4.13,0.04
28/01/2022,4.09,4.13,4.09,4.11,8213260,0.02,0.488997555,4.11,0.04
27/01/2022,4.11,4.12,4.08,4.09,9593059,-0.02,-0.486618005,4.1,0.04
26/01/2022,4.12,4.14,4.11,4.11,9169382,-0.01,-0.242718447,4.125,0.03
25/01/2022,4.13,4.14,4.1,4.11,10736960,-0.02,-0.484261501,4.12,0.04
24/01/2022,4.16,4.16,4.12,4.14,13660190,-0.02,-0.480769231,4.14,0.04
21/01/2022,4.17,4.18,4.16,4.17,8831923,0,0,4.17,0.02
20/01/2022,4.18,4.19,4.17,4.18,9158058,0,0,4.18,0.02
19/01/2022,4.19,4.19,4.17,4.18,8314980,-0.01,-0.238663484,4.18,0.02
18/01/2022,4.19,4.2,4.18,4.19,8223194,0,0,4.19,0.02
17/01/2022,4.22,4.22,4.17,4.19,13956300,-0.03,-0.710900474,4.195,0.05
14/01/2022,4.23,4.24,4.21,4.22,11474160,-0.01,-0.236406619,4.225,0.03
13/01/2022,4.2,4.24,4.19,4.24,11757780,0.04,0.952380952,4.215,0.05
12/01/2022,4.18,4.22,4.15,4.22,13809040,0.04,0.956937799,4.185,0.07
11/01/2022,4.2,4.2,4.15,4.18,9602131,-0.02,-0.476190476,4.175,0.05
10/01/2022,4.19,4.19,4.16,4.19,10190860,0,0,4.175,0.03
07/01/2022,4.17,4.19,4.15,4.19,9520665,0.02,0.479616307,4.17,0.04
06/01/2022,4.2,4.2,4.15,4.17,10525450,-0.03,-0.714285714,4.175,0.05
05/01/2022,4.22,4.22,4.19,4.19,11691200,-0.03,-0.710900474,4.205,0.03
04/01/2022,4.23,4.24,4.21,4.22,9013547,-0.01,-0.236406619,4.225,0.03
03/01/2022,4.26,4.26,4.21,4.23,8855226,-0.03,-0.704225352,4.235,0.05
30/12/2021,4.21,4.27,4.21,4.27,10054800,0.06,1.425178147,4.24,0.06
29/12/2021,4.24,4.25,4.22,4.25,11116760,0.01,0.235849057,4.235,0.03
28/12/2021,4.22,4.23,4.2,4.23,10809800,0.01,0.236966825,4.215,0.03
27/12/2021,4.21,4.23,4.2,4.23,12848050,0.02,0.475059382,4.215,0.03
23/12/2021,4.24,4.24,4.2,4.24,13604590,0,0,4.22,0.04
22/12/2021,4.22,4.24,4.2,4.24,13302200,0.02,0.473933649,4.22,0.04
21/12/2021,4.23,4.23,4.19,4.21,9996361,-0.02,-0.472813239,4.21,0.04
20/12/2021,4.19,4.24,4.16,4.24,10035570,0.05,1.193317422,4.2,0.08
16/12/2021,4.23,4.26,4.21,4.26,12794070,0.03,0.709219858,4.235,0.05
15/12/2021,4.26,4.26,4.22,4.24,8207718,-0.02,-0.469483568,4.24,0.04
14/12/2021,4.22,4.26,4.21,4.26,11150650,0.04,0.947867299,4.235,0.05
13/12/2021,4.24,4.26,4.2,4.2,13229970,-0.04,-0.943396226,4.23,0.06
09/12/2021,4.2,4.26,4.19,4.25,15674050,0.05,1.19047619,4.225,0.07
08/12/2021,4.2,4.21,4.18,4.21,11212450,0.01,0.238095238,4.195,0.03
07/12/2021,4.23,4.25,4.19,4.19,15576990,-0.04,-0.945626478,4.22,0.06
06/12/2021,4.2,4.25,4.18,4.23,20410260,0.03,0.714285714,4.215,0.07
30/11/2021,4.19,4.21,4.14,4.14,36878160,-0.05,-1.193317422,4.175,0.07
29/11/2021,4.13,4.22,4.13,4.22,10599610,0.09,2.179176755,4.175,0.09
25/11/2021,4.19,4.22,4.17,4.19,13515420,0,0,4.195,0.05
24/11/2021,4.19,4.22,4.18,4.19,10963090,0,0,4.2,0.04
23/11/2021,4.23,4.23,4.16,4.17,13218600,-0.06,-1.418439716,4.195,0.07
22/11/2021,4.2,4.23,4.19,4.23,10489670,0.03,0.714285714,4.21,0.04
18/11/2021,4.19,4.23,4.19,4.23,13708970,0.04,0.954653938,4.21,0.04
17/11/2021,4.22,4.22,4.18,4.22,10860520,0,0,4.2,0.04
16/11/2021,4.23,4.23,4.18,4.2,11545260,-0.03,-0.709219858,4.205,0.05
15/11/2021,4.29,4.29,4.18,4.23,15099350,-0.06,-1.398601399,4.235,0.11
11/11/2021,4.29,4.29,4.26,4.28,11237250,-0.01,-0.233100233,4.275,0.03
10/11/2021,4.3,4.3,4.25,4.29,11177240,-0.01,-0.23255814,4.275,0.05
09/11/2021,4.25,4.3,4.22,4.3,11075800,0.05,1.176470588,4.26,0.08
08/11/2021,4.27,4.28,4.24,4.26,11695570,-0.01,-0.234192037,4.26,0.04
04/11/2021,4.3,4.33,4.27,4.28,15340620,-0.02,-0.465116279,4.3,0.06
03/11/2021,4.29,4.3,4.28,4.3,14942730,0.01,0.233100233,4.29,0.02
02/11/2021,4.3,4.31,4.28,4.3,13989590,0,0,4.295,0.03
01/11/2021,4.29,4.32,4.27,4.32,12629100,0.03,0.699300699,4.295,0.05
28/10/2021,4.26,4.29,4.26,4.28,8116484,0.02,0.469483568,4.275,0.03
27/10/2021,4.27,4.27,4.25,4.26,8319579,-0.01,-0.234192037,4.26,0.02
26/10/2021,4.23,4.3,4.23,4.27,11140480,0.04,0.945626478,4.265,0.07
25/10/2021,4.23,4.24,4.21,4.21,8433359,-0.02,-0.472813239,4.225,0.03
20/10/2021,4.2,4.22,4.19,4.19,7023869,-0.01,-0.238095238,4.205,0.03
19/10/2021,4.21,4.21,4.17,4.19,3777998,-0.02,-0.475059382,4.19,0.04
18/10/2021,4.21,4.22,4.19,4.21,5279534,0,0,4.205,0.03
14/10/2021,4.25,4.25,4.21,4.21,10004540,-0.04,-0.941176471,4.23,0.04
13/10/2021,4.29,4.29,4.25,4.26,8026377,-0.03,-0.699300699,4.27,0.04
12/10/2021,4.31,4.34,4.28,4.29,13810660,-0.02,-0.464037123,4.31,0.06
11/10/2021,4.27,4.33,4.23,4.3,16069560,0.03,0.702576112,4.28,0.1
07/10/2021,4.22,4.24,4.15,4.2,12415840,-0.02,-0.473933649,4.195,0.09
06/10/2021,4.34,4.34,4.27,4.27,17651561,-0.07,-1.612903226,4.305,0.07
05/10/2021,4.25,4.35,4.23,4.35,19750211,0.1,2.352941176,4.29,0.12
04/10/2021,4.23,4.27,4.19,4.26,26582180,0.03,0.709219858,4.23,0.08
30/09/2021,4.19,4.19,4.16,4.16,13350790,-0.03,-0.715990453,4.175,0.03
29/09/2021,4.16,4.2,4.14,4.2,14258010,0.04,0.961538462,4.17,0.06
28/09/2021,4.2,4.2,4.16,4.19,10193560,-0.01,-0.238095238,4.18,0.04
27/09/2021,4.17,4.23,4.17,4.2,20255900,0.03,0.71942446,4.2,0.06
23/09/2021,4.3,4.31,4.23,4.25,20358820,-0.05,-1.162790698,4.27,0.08
22/09/2021,4.3,4.32,4.27,4.3,9282296,0,0,4.295,0.05
21/09/2021,4.33,4.33,4.28,4.29,12271930,-0.04,-0.923787529,4.305,0.05
20/09/2021,4.37,4.37,4.3,4.32,12957840,-0.05,-1.14416476,4.335,0.07
16/09/2021,4.41,4.43,4.38,4.42,106663398,0.01,0.22675737,4.405,0.05
15/09/2021,4.36,4.43,4.36,4.41,21157859,0.05,1.146788991,4.395,0.07
14/09/2021,4.38,4.4,4.35,4.38,23033381,0,0,4.375,0.05
13/09/2021,4.45,4.45,4.35,4.37,20882721,-0.08,-1.797752809,4.4,0.1
09/09/2021,4.46,4.48,4.43,4.45,18932609,-0.01,-0.224215247,4.455,0.05
08/09/2021,4.48,4.49,4.46,4.46,15135730,-0.02,-0.446428571,4.475,0.03
07/09/2021,4.48,4.51,4.47,4.49,17004789,0.01,0.223214286,4.49,0.04
06/09/2021,4.49,4.51,4.48,4.49,21527340,0,0,4.495,0.03
02/09/2021,4.5,4.5,4.47,4.48,28116801,-0.02,-0.444444444,4.485,0.03
01/09/2021,4.5,4.51,4.48,4.5,13582180,0,0,4.495,0.03
31/08/2021,4.5,4.52,4.47,4.52,26942609,0.02,0.444444444,4.495,0.05
30/08/2021,4.48,4.53,4.48,4.5,17186830,0.02,0.446428571,4.505,0.05
26/08/2021,4.54,4.54,4.47,4.49,16755180,-0.05,-1.101321586,4.505,0.07
25/08/2021,4.58,4.58,4.49,4.54,14285870,-0.04,-0.873362445,4.535,0.09
24/08/2021,4.58,4.61,4.55,4.57,13845110,-0.01,-0.218340611,4.58,0.06
23/08/2021,4.57,4.63,4.57,4.57,18185641,0,0,4.6,0.06
19/08/2021,4.52,4.55,4.45,4.48,10966900,-0.04,-0.884955752,4.5,0.1
18/08/2021,4.5,4.57,4.5,4.55,11090160,0.05,1.111111111,4.535,0.07
17/08/2021,4.38,4.49,4.36,4.49,17879920,0.11,2.511415525,4.425,0.13
16/08/2021,4.35,4.38,4.35,4.38,8540988,0.03,0.689655172,4.365,0.03
11/08/2021,4.39,4.4,4.37,4.38,8409073,-0.01,-0.227790433,4.385,0.03
10/08/2021,4.38,4.43,4.37,4.39,13289530,0.01,0.228310502,4.4,0.06
09/08/2021,4.36,4.38,4.34,4.38,5398642,0.02,0.458715596,4.36,0.04
05/08/2021,4.38,4.38,4.35,4.38,5039327,0,0,4.365,0.03
04/08/2021,4.38,4.39,4.35,4.38,5917033,0,0,4.37,0.04
03/08/2021,4.36,4.38,4.35,4.38,7016327,0.02,0.458715596,4.365,0.03
02/08/2021,4.36,4.37,4.34,4.35,6801629,-0.01,-0.229357798,4.355,0.03
29/07/2021,4.37,4.37,4.32,4.36,7250857,-0.01,-0.228832952,4.345,0.05
28/07/2021,4.33,4.36,4.32,4.33,5201665,0,0,4.34,0.04
27/07/2021,4.35,4.39,4.33,4.35,8402939,0,0,4.36,0.06
26/07/2021,4.33,4.37,4.32,4.37,6625169,0.04,0.923787529,4.345,0.05
15/07/2021,4.38,4.38,4.31,4.32,9049824,-0.06,-1.369863014,4.345,0.07
14/07/2021,4.4,4.4,4.33,4.33,7695922,-0.07,-1.590909091,4.365,0.07
13/07/2021,4.36,4.4,4.35,4.4,7508772,0.04,0.917431193,4.375,0.05
12/07/2021,4.33,4.38,4.33,4.38,6678296,0.05,1.154734411,4.355,0.05
08/07/2021,4.39,4.39,4.35,4.38,9701797,-0.01,-0.227790433,4.37,0.04
07/07/2021,4.38,4.39,4.34,4.39,5803029,0.01,0.228310502,4.365,0.05
06/07/2021,4.39,4.39,4.36,4.38,5324063,-0.01,-0.227790433,4.375,0.03
05/07/2021,4.37,4.4,4.22,4.39,16202780,0.02,0.457665904,4.31,0.18
01/07/2021,4.33,4.37,4.31,4.34,9896608,0.01,0.230946882,4.34,0.06
30/06/2021,4.27,4.33,4.27,4.33,12787980,0.06,1.405152225,4.3,0.06
29/06/2021,4.25,4.3,4.22,4.3,6506470,0.05,1.176470588,4.26,0.08
28/06/2021,4.28,4.3,4.25,4.27,6699723,-0.01,-0.23364486,4.275,0.05
24/06/2021,4.28,4.28,4.22,4.23,6442352,-0.05,-1.168224299,4.25,0.06
23/06/2021,4.33,4.33,4.28,4.29,9527972,-0.04,-0.923787529,4.305,0.05
22/06/2021,4.33,4.33,4.31,4.33,7213549,0,0,4.32,0.02
21/06/2021,4.36,4.37,4.32,4.32,6157202,-0.04,-0.917431193,4.345,0.05
17/06/2021,4.33,4.39,4.32,4.39,16122790,0.06,1.385681293,4.355,0.07
16/06/2021,4.39,4.39,4.32,4.35,19592930,-0.04,-0.911161731,4.355,0.07
15/06/2021,4.4,4.41,4.38,4.39,12434600,-0.01,-0.227272727,4.395,0.03
14/06/2021,4.42,4.44,4.38,4.4,12781260,-0.02,-0.452488688,4.41,0.06
10/06/2021,4.44,4.44,4.38,4.4,6897829,-0.04,-0.900900901,4.41,0.06
09/06/2021,4.37,4.44,4.37,4.42,19218801,0.05,1.14416476,4.405,0.07
08/06/2021,4.37,4.37,4.35,4.36,12440120,-0.01,-0.228832952,4.36,0.02
07/06/2021,4.36,4.37,4.34,4.36,9137719,0,0,4.355,0.03
03/06/2021,4.35,4.35,4.29,4.32,12097720,-0.03,-0.689655172,4.32,0.06
02/06/2021,4.41,4.41,4.24,4.33,23234510,-0.08,-1.814058957,4.325,0.17
01/06/2021,4.1,4.4,4.08,4.39,55298461,0.29,7.073170732,4.24,0.32
31/05/2021,4.17,4.17,3.9,3.99,64481941,-0.18,-4.316546763,4.035,0.27
27/05/2021,4.65,4.7,4.36,4.45,631800812,-0.2,-4.301075269,4.53,0.34
26/05/2021,4.9,4.9,4.82,4.85,16249420,-0.05,-1.020408163,4.86,0.08
25/05/2021,4.93,4.94,4.89,4.9,28182561,-0.03,-0.60851927,4.915,0.05
24/05/2021,4.92,4.95,4.9,4.93,29668551,0.01,0.203252033,4.925,0.05
20/05/2021,4.81,4.87,4.8,4.84,38889727,0.03,0.623700624,4.835,0.07
19/05/2021,4.81,4.82,4.78,4.81,40039699,0,0,4.8,0.04
18/05/2021,4.8,4.84,4.79,4.82,39684070,0.02,0.416666667,4.815,0.05
17/05/2021,4.91,4.93,4.8,4.83,52766070,-0.08,-1.629327902,4.865,0.13
10/05/2021,4.76,5.01,4.74,4.88,36606602,0.12,2.521008403,4.875,0.27
06/05/2021,4.64,4.74,4.63,4.74,30271949,0.1,2.155172414,4.685,0.11
05/05/2021,4.65,4.65,4.57,4.63,22708170,-0.02,-0.430107527,4.61,0.08
04/05/2021,4.55,4.62,4.55,4.6,41359359,0.05,1.098901099,4.585,0.07
03/05/2021,4.55,4.58,4.54,4.55,22800850,0,0,4.56,0.04
29/04/2021,4.53,4.57,4.51,4.53,22187980,0,0,4.54,0.06
28/04/2021,4.54,4.55,4.52,4.52,14615310,-0.02,-0.440528634,4.535,0.03
27/04/2021,4.57,4.6,4.54,4.55,18619270,-0.02,-0.437636761,4.57,0.06
26/04/2021,4.57,4.57,4.55,4.56,17781381,-0.01,-0.218818381,4.56,0.02
22/04/2021,4.47,4.56,4.47,4.56,21204721,0.09,2.013422819,4.515,0.09
21/04/2021,4.44,4.5,4.44,4.5,20384711,0.06,1.351351351,4.47,0.06
20/04/2021,4.43,4.45,4.43,4.45,19035199,0.02,0.451467269,4.44,0.02
19/04/2021,4.46,4.46,4.41,4.45,16453539,-0.01,-0.224215247,4.435,0.05
15/04/2021,4.44,4.46,4.41,4.46,27237471,0.02,0.45045045,4.435,0.05
14/04/2021,4.41,4.44,4.4,4.44,27788051,0.03,0.680272109,4.42,0.04
13/04/2021,4.39,4.44,4.39,4.42,29943279,0.03,0.683371298,4.415,0.05
12/04/2021,4.39,4.43,4.39,4.4,15073950,0.01,0.227790433,4.41,0.04
08/04/2021,4.42,4.57,4.37,4.4,17663109,-0.02,-0.452488688,4.47,0.2
07/04/2021,4.45,4.45,4.41,4.45,15196110,0,0,4.43,0.04
06/04/2021,4.47,4.48,4.44,4.45,14745190,-0.02,-0.447427293,4.46,0.04
05/04/2021,4.48,4.49,4.46,4.46,15314190,-0.02,-0.446428571,4.475,0.03
01/04/2021,4.42,4.51,4.42,4.49,17156381,0.07,1.583710407,4.465,0.09
31/03/2021,4.6,4.6,4.4,4.49,22179221,-0.11,-2.391304348,4.5,0.2
30/03/2021,4.6,4.6,4.49,4.53,19112119,-0.07,-1.52173913,4.545,0.11
29/03/2021,4.38,4.55,4.31,4.54,20693770,0.16,3.652968037,4.43,0.24
25/03/2021,4.3,4.35,4.24,4.3,41170039,0,0,4.295,0.11
24/03/2021,4.39,4.4,4.35,4.35,20574561,-0.04,-0.911161731,4.375,0.05
23/03/2021,4.37,4.4,4.34,4.39,17121721,0.02,0.457665904,4.37,0.06
22/03/2021,4.35,4.37,4.34,4.35,20566010,0,0,4.355,0.03
18/03/2021,4.32,4.36,4.32,4.33,15809980,0.01,0.231481481,4.34,0.04
17/03/2021,4.38,4.38,4.31,4.31,17684869,-0.07,-1.598173516,4.345,0.07
16/03/2021,4.29,4.32,4.28,4.32,15641630,0.03,0.699300699,4.3,0.04
15/03/2021,4.3,4.31,4.28,4.3,18441980,0,0,4.295,0.03
11/03/2021,4.18,4.25,4.17,4.22,10392720,0.04,0.956937799,4.21,0.08
10/03/2021,4.18,4.18,4.11,4.18,9544170,0,0,4.145,0.07
09/03/2021,4.23,4.25,4.16,4.2,9901417,-0.03,-0.709219858,4.205,0.09
08/03/2021,4.23,4.24,4.2,4.24,11406170,0.01,0.236406619,4.22,0.04
04/03/2021,4.35,4.35,4.27,4.29,15606030,-0.06,-1.379310345,4.31,0.08
03/03/2021,4.37,4.4,4.33,4.37,13899460,0,0,4.365,0.07
02/03/2021,4.29,4.43,4.29,4.38,17663301,0.09,2.097902098,4.36,0.14
01/03/2021,4.15,4.34,4.15,4.29,19877650,0.14,3.373493976,4.245,0.19
25/02/2021,4.02,4.1,4.02,4.1,62098992,0.08,1.990049751,4.06,0.08
24/02/2021,4.01,4.06,4.01,4.03,20300580,0.02,0.498753117,4.035,0.05
23/02/2021,3.97,4.02,3.96,4.01,16310460,0.04,1.007556675,3.99,0.06
22/02/2021,3.96,3.99,3.96,3.97,13959990,0.01,0.252525253,3.975,0.03
18/02/2021,3.95,3.99,3.94,3.99,17144029,0.04,1.012658228,3.965,0.05
17/02/2021,3.95,3.96,3.93,3.95,34279887,0,0,3.945,0.03
16/02/2021,3.93,3.99,3.93,3.95,17529061,0.02,0.508905852,3.96,0.06
15/02/2021,3.89,3.93,3.89,3.93,15189280,0.04,1.028277635,3.91,0.04
11/02/2021,3.9,3.92,3.9,3.91,14542600,0.01,0.256410256,3.91,0.02
10/02/2021,3.9,3.91,3.88,3.91,23079330,0.01,0.256410256,3.895,0.03
09/02/2021,3.89,3.91,3.88,3.9,18316789,0.01,0.257069409,3.895,0.03
08/02/2021,3.9,3.93,3.87,3.9,22886811,0,0,3.9,0.06
04/02/2021,3.88,3.88,3.85,3.86,5530727,-0.02,-0.515463918,3.865,0.03
03/02/2021,3.9,3.9,3.87,3.88,3628005,-0.02,-0.512820513,3.885,0.03
02/02/2021,3.88,3.91,3.88,3.9,6953272,0.02,0.515463918,3.895,0.03
01/02/2021,3.88,3.91,3.88,3.88,5399478,0,0,3.895,0.03
28/01/2021,3.89,3.9,3.86,3.87,4052307,-0.02,-0.514138817,3.88,0.04
27/01/2021,3.89,3.91,3.89,3.9,4509565,0.01,0.257069409,3.9,0.02
26/01/2021,3.92,3.92,3.88,3.91,6566311,-0.01,-0.255102041,3.9,0.04
25/01/2021,3.91,3.94,3.91,3.92,4681437,0.01,0.255754476,3.925,0.03
21/01/2021,3.94,3.96,3.9,3.92,6765057,-0.02,-0.507614213,3.93,0.06
20/01/2021,3.92,3.94,3.89,3.93,10943400,0.01,0.255102041,3.915,0.05
19/01/2021,3.94,3.94,3.88,3.91,8847742,-0.03,-0.76142132,3.91,0.06
18/01/2021,3.87,3.9,3.86,3.88,12267420,0.01,0.258397933,3.88,0.04
14/01/2021,3.89,3.89,3.87,3.87,7050831,-0.02,-0.514138817,3.88,0.02
13/01/2021,3.89,3.9,3.89,3.9,7310333,0.01,0.257069409,3.895,0.01
12/01/2021,3.9,3.91,3.89,3.89,7243081,-0.01,-0.256410256,3.9,0.02
11/01/2021,3.89,3.92,3.89,3.89,6917376,0,0,3.905,0.03
07/01/2021,3.9,3.9,3.87,3.87,6563754,-0.03,-0.769230769,3.885,0.03
06/01/2021,3.95,3.95,3.89,3.91,4565998,-0.04,-1.012658228,3.92,0.06
05/01/2021,3.92,3.95,3.91,3.95,8686330,0.03,0.765306122,3.93,0.04
04/01/2021,3.81,3.93,3.81,3.93,13274770,0.12,3.149606299,3.87,0.12
28/05/2020,2.84,2.94,2.84,2.89,4348535,0.05,1.76056338,2.89,0.1
27/05/2020,2.8,2.82,2.79,2.8,5114516,0,0,2.805,0.03
21/05/2020,2.79,2.8,2.79,2.8,5679561,0.01,0.358422939,2.795,0.01
20/05/2020,2.79,2.8,2.78,2.79,3050101,0,0,2.79,0.02
19/05/2020,2.8,2.8,2.79,2.79,5806111,-0.01,-0.357142857,2.795,0.01
18/05/2020,2.79,2.83,2.79,2.83,10732080,0.04,1.433691756,2.81,0.04
14/05/2020,2.79,2.8,2.78,2.78,1540494,-0.01,-0.358422939,2.79,0.02
13/05/2020,2.76,2.8,2.76,2.8,1807366,0.04,1.449275362,2.78,0.04
12/05/2020,2.79,2.79,2.75,2.77,1696853,-0.02,-0.716845878,2.77,0.04
11/05/2020,2.8,2.8,2.79,2.8,2475069,0,0,2.795,0.01
07/05/2020,2.79,2.8,2.77,2.79,717052,0,0,2.785,0.03
06/05/2020,2.8,2.8,2.77,2.8,4435459,0,0,2.785,0.03
05/05/2020,2.78,2.8,2.78,2.78,551558,0,0,2.79,0.02
04/05/2020,2.75,2.79,2.75,2.77,12545,0.02,0.727272727,2.77,0.04
30/04/2020,2.8,2.81,2.79,2.8,10926240,0,0,2.8,0.02
29/04/2020,2.83,2.83,2.8,2.81,2341819,-0.02,-0.706713781,2.815,0.03
28/04/2020,2.81,2.82,2.8,2.81,1659602,0,0,2.81,0.02
27/04/2020,2.76,2.82,2.75,2.8,6905104,0.04,1.449275362,2.785,0.07
23/04/2020,2.77,2.77,2.72,2.75,21446029,-0.02,-0.722021661,2.745,0.05
22/04/2020,2.72,2.76,2.7,2.75,2030111,0.03,1.102941176,2.73,0.06
21/04/2020,2.71,2.75,2.63,2.75,5701522,0.04,1.47601476,2.69,0.12
20/04/2020,2.8,2.8,2.72,2.75,227249,-0.05,-1.785714286,2.76,0.08
16/04/2020,2.77,2.77,2.72,2.75,4468984,-0.02,-0.722021661,2.745,0.05
15/04/2020,2.8,2.8,2.76,2.8,418264,0,0,2.78,0.04
14/04/2020,2.8,2.8,2.77,2.8,891219,0,0,2.785,0.03
13/04/2020,2.8,2.83,2.77,2.8,11834940,0,0,2.8,0.06
09/04/2020,2.73,2.8,2.73,2.79,3625784,0.06,2.197802198,2.765,0.07
08/04/2020,2.9,2.9,2.83,2.87,2690817,-0.03,-1.034482759,2.865,0.07
07/04/2020,3,3,2.9,2.9,5018936,-0.1,-3.333333333,2.95,0.1
06/04/2020,2.85,3,2.85,3,3616924,0.15,5.263157895,2.925,0.15
02/04/2020,2.78,2.83,2.75,2.83,6809097,0.05,1.798561151,2.79,0.08
01/04/2020,2.74,2.78,2.71,2.75,1036397,0.01,0.364963504,2.745,0.07
31/03/2020,2.69,2.9,2.64,2.7,4169929,0.01,0.371747212,2.77,0.26
30/03/2020,2.7,2.73,2.62,2.71,829058,0.01,0.37037037,2.675,0.11
26/03/2020,2.58,2.94,2.56,2.7,4631270,0.12,4.651162791,2.75,0.38
25/03/2020,2.44,2.6,2.44,2.56,2802807,0.12,4.918032787,2.52,0.16
24/03/2020,2.41,2.59,2.41,2.44,1507599,0.03,1.244813278,2.5,0.18
23/03/2020,2.51,2.51,2.4,2.4,1541587,-0.11,-4.38247012,2.455,0.11
19/03/2020,2.61,2.61,2.54,2.55,5790103,-0.06,-2.298850575,2.575,0.07
18/03/2020,2.52,2.64,2.52,2.6,196500,0.08,3.174603175,2.58,0.12
17/03/2020,2.6,2.68,2.52,2.55,662101,-0.05,-1.923076923,2.6,0.16
16/03/2020,2.61,2.7,2.6,2.6,1478296,-0.01,-0.383141762,2.65,0.1
12/03/2020,2.75,2.8,2.68,2.7,3971394,-0.05,-1.818181818,2.74,0.12
11/03/2020,2.85,2.9,2.81,2.88,426992,0.03,1.052631579,2.855,0.09
10/03/2020,2.72,2.89,2.72,2.88,1517975,0.16,5.882352941,2.805,0.17
09/03/2020,2.79,2.79,2.61,2.61,4797571,-0.18,-6.451612903,2.7,0.18
05/03/2020,3,3,2.97,3,2945401,0,0,2.985,0.03
04/03/2020,2.96,3,2.96,3,2254103,0.04,1.351351351,2.98,0.04
03/03/2020,2.98,2.98,2.95,2.96,1324473,-0.02,-0.67114094,2.965,0.03
02/03/2020,2.97,2.97,2.95,2.95,868701,-0.02,-0.673400673,2.96,0.02
27/02/2020,3,3,2.98,2.99,985460,-0.01,-0.333333333,2.99,0.02
26/02/2020,3.02,3.02,2.98,3,2066867,-0.02,-0.662251656,3,0.04
25/02/2020,3.06,3.06,3.01,3.03,77479,-0.03,-0.980392157,3.035,0.05
24/02/2020,3.05,3.05,3.02,3.04,6150573,-0.01,-0.327868852,3.035,0.03
20/02/2020,3.06,3.06,3.05,3.06,4555348,0,0,3.055,0.01
19/02/2020,3.08,3.08,3.05,3.05,17004789,-0.03,-0.974025974,3.065,0.03
18/02/2020,3.07,3.07,3.06,3.06,816135,-0.01,-0.325732899,3.065,0.01
17/02/2020,3.04,3.1,3.04,3.06,2146443,0.02,0.657894737,3.07,0.06
13/02/2020,2.97,3.05,2.93,3,842655,0.03,1.01010101,2.99,0.12
12/02/2020,2.97,3,2.96,2.97,1246344,0,0,2.98,0.04
11/02/2020,2.94,3,2.9,2.96,3718678,0.02,0.680272109,2.95,0.1
10/02/2020,3.06,3.06,2.98,2.98,2292816,-0.08,-2.614379085,3.02,0.08
06/02/2020,3.1,3.1,3.07,3.07,660777,-0.03,-0.967741935,3.085,0.03
05/02/2020,3.06,3.1,3.05,3.1,516746,0.04,1.307189542,3.075,0.05
04/02/2020,3.11,3.15,3.06,3.06,1442650,-0.05,-1.607717042,3.105,0.09
03/02/2020,3.12,3.13,3.12,3.12,414065,0,0,3.125,0.01
30/01/2020,3.17,3.19,3.14,3.14,1860396,-0.03,-0.94637224,3.165,0.05
29/01/2020,3.01,3.2,3.01,3.13,7359959,0.12,3.986710963,3.105,0.19
28/01/2020,3.13,3.13,3.13,3.13,134923,0,0,3.13,0
27/01/2020,3.15,3.17,3.12,3.12,724431,-0.03,-0.952380952,3.145,0.05
23/01/2020,3.14,3.14,3.14,3.14,32000,0,0,3.14,0
22/01/2020,3.15,3.15,3.12,3.15,2339853,0,0,3.135,0.03
21/01/2020,3.14,3.17,3.12,3.15,2464517,0.01,0.318471338,3.145,0.05
20/01/2020,3.12,3.15,3.12,3.12,787975,0,0,3.135,0.03
16/01/2020,3.11,3.15,3.11,3.14,2190469,0.03,0.964630225,3.13,0.04
15/01/2020,3.05,3.1,3.04,3.1,5568384,0.05,1.639344262,3.07,0.06
14/01/2020,3,3.07,2.98,3.05,1916160,0.05,1.666666667,3.025,0.09
13/01/2020,3.05,3.06,2.99,3,1879014,-0.05,-1.639344262,3.025,0.07
09/01/2020,2.95,3.07,2.95,2.99,5973569,0.04,1.355932203,3.01,0.12
08/01/2020,2.94,2.95,2.91,2.93,1075601,-0.01,-0.340136054,2.93,0.04
07/01/2020,2.95,2.98,2.93,2.98,825066,0.03,1.016949153,2.955,0.05
06/01/2020,3,3,2.91,2.92,903100,-0.08,-2.666666667,2.955,0.09
02/01/2020,2.95,3,2.95,3,243747,0.05,1.694915254,2.975,0.05
31/12/2019,3.05,3.07,2.96,2.96,20037330,-0.09,-2.950819672,3.015,0.11
30/12/2019,2.99,3.15,2.93,3.05,3667861,0.06,2.006688963,3.04,0.22
26/12/2019,2.98,2.99,2.9,2.91,628114,-0.07,-2.348993289,2.945,0.09
25/12/2019,2.97,2.99,2.97,2.99,868267,0.02,0.673400673,2.98,0.02
24/12/2019,2.89,2.96,2.89,2.96,115856,0.07,2.422145329,2.925,0.07
23/12/2019,2.9,2.96,2.9,2.93,672086,0.03,1.034482759,2.93,0.06
19/12/2019,2.91,2.92,2.9,2.92,5169679,0.01,0.343642612,2.91,0.02
18/12/2019,2.96,2.96,2.9,2.9,5251542,-0.06,-2.027027027,2.93,0.06
17/12/2019,2.9,3,2.9,2.96,6029692,0.06,2.068965517,2.95,0.1
16/12/2019,2.82,2.9,2.82,2.86,986575,0.04,1.418439716,2.86,0.08
12/12/2019,2.77,2.8,2.77,2.8,1795803,0.03,1.083032491,2.785,0.03
11/12/2019,2.77,2.77,2.76,2.76,2792086,-0.01,-0.36101083,2.765,0.01
10/12/2019,2.8,2.8,2.74,2.74,909679,-0.06,-2.142857143,2.77,0.06
09/12/2019,2.8,2.8,2.76,2.8,2161299,0,0,2.78,0.04
05/12/2019,2.71,2.74,2.71,2.74,163725,0.03,1.10701107,2.725,0.03
04/12/2019,2.74,2.74,2.71,2.71,198161,-0.03,-1.094890511,2.725,0.03
28/11/2019,2.7,2.73,2.7,2.71,1385070,0.01,0.37037037,2.715,0.03
27/11/2019,2.7,2.72,2.7,2.72,2167100,0.02,0.740740741,2.71,0.02
26/11/2019,2.7,2.71,2.69,2.7,1322304,0,0,2.7,0.02
25/11/2019,2.65,2.7,2.65,2.69,1806241,0.04,1.509433962,2.675,0.05
21/11/2019,2.64,2.66,2.64,2.66,2744022,0.02,0.757575758,2.65,0.02
20/11/2019,2.63,2.65,2.63,2.63,44045,0,0,2.64,0.02
19/11/2019,2.65,2.66,2.64,2.65,1258549,0,0,2.65,0.02
18/11/2019,2.65,2.65,2.64,2.65,4530817,0,0,2.645,0.01
14/11/2019,2.66,2.66,2.65,2.65,119176,-0.01,-0.37593985,2.655,0.01
13/11/2019,2.62,2.67,2.62,2.65,574874,0.03,1.145038168,2.645,0.05
12/11/2019,2.65,2.66,2.65,2.65,2988614,0,0,2.655,0.01
11/11/2019,2.65,2.66,2.65,2.65,331180,0,0,2.655,0.01
07/11/2019,2.63,2.65,2.62,2.62,462694,-0.01,-0.380228137,2.635,0.03
06/11/2019,2.64,2.64,2.63,2.64,662479,0,0,2.635,0.01
05/11/2019,2.65,2.65,2.61,2.63,979957,-0.02,-0.754716981,2.63,0.04
04/11/2019,2.62,2.65,2.62,2.63,113079,0.01,0.381679389,2.635,0.03
31/10/2019,2.63,2.64,2.62,2.62,3249777,-0.01,-0.380228137,2.63,0.02
30/10/2019,2.62,2.64,2.62,2.63,108743,0.01,0.381679389,2.63,0.02
29/10/2019,2.65,2.66,2.62,2.62,656331,-0.03,-1.132075472,2.64,0.04
28/10/2019,2.62,2.65,2.62,2.65,923481,0.03,1.145038168,2.635,0.03
24/10/2019,2.62,2.64,2.61,2.61,592198,-0.01,-0.381679389,2.625,0.03
23/10/2019,2.64,2.64,2.61,2.61,129219,-0.03,-1.136363636,2.625,0.03
22/10/2019,2.62,2.64,2.61,2.61,1069805,-0.01,-0.381679389,2.625,0.03
21/10/2019,2.63,2.63,2.62,2.62,1081841,-0.01,-0.380228137,2.625,0.01
17/10/2019,2.64,2.64,2.59,2.61,1532141,-0.03,-1.136363636,2.615,0.05
16/10/2019,2.6,2.61,2.59,2.59,847583,-0.01,-0.384615385,2.6,0.02
15/10/2019,2.65,2.65,2.6,2.6,1693242,-0.05,-1.886792453,2.625,0.05
14/10/2019,2.65,2.65,2.63,2.63,216941,-0.02,-0.754716981,2.64,0.02
10/10/2019,2.63,2.67,2.63,2.66,207936,0.03,1.140684411,2.65,0.04
09/10/2019,2.63,2.66,2.63,2.64,336268,0.01,0.380228137,2.645,0.03
08/10/2019,2.63,2.64,2.62,2.63,168334,0,0,2.63,0.02
07/10/2019,2.73,2.73,2.7,2.7,2130196,-0.03,-1.098901099,2.715,0.03
03/10/2019,2.66,2.68,2.66,2.68,1211249,0.02,0.751879699,2.67,0.02
02/10/2019,2.69,2.69,2.66,2.69,6304769,0,0,2.675,0.03
01/10/2019,2.67,2.69,2.67,2.69,2558344,0.02,0.74906367,2.68,0.02
30/09/2019,2.69,2.69,2.66,2.67,3384789,-0.02,-0.743494424,2.675,0.03
26/09/2019,2.65,2.69,2.65,2.68,2806463,0.03,1.132075472,2.67,0.04
25/09/2019,2.65,2.68,2.65,2.65,3030592,0,0,2.665,0.03
24/09/2019,2.65,2.68,2.65,2.65,427549,0,0,2.665,0.03
23/09/2019,2.66,2.7,2.64,2.64,2787328,-0.02,-0.751879699,2.67,0.06
19/09/2019,2.67,2.67,2.62,2.62,41442473,-0.05,-1.872659176,2.645,0.05
18/09/2019,2.69,2.7,2.68,2.68,1230881,-0.01,-0.371747212,2.69,0.02
17/09/2019,2.69,2.69,2.66,2.66,3842106,-0.03,-1.115241636,2.675,0.03
16/09/2019,2.69,2.69,2.67,2.67,1080177,-0.02,-0.743494424,2.68,0.02
12/09/2019,2.69,2.7,2.65,2.65,5558279,-0.04,-1.486988848,2.675,0.05
11/09/2019,2.69,2.7,2.69,2.7,2605461,0.01,0.371747212,2.695,0.01
10/09/2019,2.71,2.71,2.69,2.7,4906300,-0.01,-0.36900369,2.7,0.02
09/09/2019,2.69,2.7,2.67,2.68,3270800,-0.01,-0.371747212,2.685,0.03
05/09/2019,2.7,2.7,2.69,2.7,767406,0,0,2.695,0.01
04/09/2019,2.67,2.7,2.67,2.7,8590823,0.03,1.123595506,2.685,0.03
03/09/2019,2.67,2.67,2.65,2.65,836190,-0.02,-0.74906367,2.66,0.02
02/09/2019,2.67,2.7,2.66,2.67,11914790,0,0,2.68,0.04
29/08/2019,2.66,2.67,2.63,2.63,1193641,-0.03,-1.127819549,2.65,0.04
28/08/2019,2.67,2.67,2.67,2.67,21278189,0,0,2.67,0
27/08/2019,2.67,2.68,2.65,2.68,1295978,0.01,0.374531835,2.665,0.03
26/08/2019,2.67,2.67,2.66,2.66,2788166,-0.01,-0.374531835,2.665,0.01
22/08/2019,2.7,2.7,2.68,2.68,2727867,-0.02,-0.740740741,2.69,0.02
21/08/2019,2.7,2.7,2.68,2.68,2273916,-0.02,-0.740740741,2.69,0.02
20/08/2019,2.69,2.71,2.69,2.69,70611,0,0,2.7,0.02
19/08/2019,2.68,2.72,2.68,2.69,454415,0.01,0.373134328,2.7,0.04
15/08/2019,2.7,2.7,2.68,2.68,320878,-0.02,-0.740740741,2.69,0.02
14/08/2019,2.69,2.72,2.69,2.72,377238,0.03,1.115241636,2.705,0.03
08/08/2019,2.71,2.71,2.7,2.7,424255,-0.01,-0.36900369,2.705,0.01
07/08/2019,2.7,2.73,2.69,2.73,3070792,0.03,1.111111111,2.71,0.04
06/08/2019,2.7,2.7,2.69,2.69,83058,-0.01,-0.37037037,2.695,0.01
05/08/2019,2.68,2.72,2.68,2.72,184722,0.04,1.492537313,2.7,0.04
01/08/2019,2.7,2.73,2.7,2.72,102803,0.02,0.740740741,2.715,0.03
31/07/2019,2.72,2.72,2.71,2.71,3189732,-0.01,-0.367647059,2.715,0.01
30/07/2019,2.71,2.71,2.7,2.7,545358,-0.01,-0.36900369,2.705,0.01
29/07/2019,2.71,2.72,2.71,2.72,3620245,0.01,0.36900369,2.715,0.01
25/07/2019,2.75,2.75,2.73,2.75,904357,0,0,2.74,0.02
24/07/2019,2.73,2.74,2.71,2.72,2721940,-0.01,-0.366300366,2.725,0.03
23/07/2019,2.7,2.73,2.7,2.73,1120835,0.03,1.111111111,2.715,0.03
22/07/2019,2.72,2.72,2.7,2.71,2338787,-0.01,-0.367647059,2.71,0.02
18/07/2019,2.73,2.75,2.72,2.75,1917184,0.02,0.732600733,2.735,0.03
17/07/2019,2.73,2.75,2.73,2.73,544366,0,0,2.74,0.02
16/07/2019,2.73,2.73,2.72,2.73,636135,0,0,2.725,0.01
15/07/2019,2.75,2.75,2.71,2.72,1024491,-0.03,-1.090909091,2.73,0.04
11/07/2019,2.72,2.75,2.71,2.72,275570,0,0,2.73,0.04
10/07/2019,2.75,2.75,2.72,2.72,653851,-0.03,-1.090909091,2.735,0.03
09/07/2019,2.72,2.74,2.72,2.74,507823,0.02,0.735294118,2.73,0.02
08/07/2019,2.69,2.79,2.69,2.75,2796543,0.06,2.230483271,2.74,0.1
04/07/2019,2.64,2.64,2.64,2.64,14272,0,0,2.64,0
03/07/2019,2.63,2.64,2.62,2.64,2758896,0.01,0.380228137,2.63,0.02
02/07/2019,2.63,2.64,2.63,2.64,1318712,0.01,0.380228137,2.635,0.01
01/07/2019,2.65,2.67,2.63,2.63,1970074,-0.02,-0.754716981,2.65,0.04
27/06/2019,2.66,2.66,2.66,2.66,1142169,0,0,2.66,0
26/06/2019,2.67,2.68,2.67,2.68,463187,0.01,0.374531835,2.675,0.01
25/06/2019,2.66,2.69,2.66,2.69,91931,0.03,1.127819549,2.675,0.03
24/06/2019,2.67,2.7,2.66,2.66,1333283,-0.01,-0.374531835,2.68,0.04
20/06/2019,2.69,2.7,2.68,2.7,4246397,0.01,0.371747212,2.69,0.02
19/06/2019,2.69,2.7,2.68,2.68,832328,-0.01,-0.371747212,2.69,0.02
18/06/2019,2.68,2.68,2.68,2.68,11791,0,0,2.68,0
17/06/2019,2.69,2.69,2.68,2.68,863055,-0.01,-0.371747212,2.685,0.01
13/06/2019,2.68,2.71,2.68,2.7,3664945,0.02,0.746268657,2.695,0.03
12/06/2019,2.7,2.7,2.67,2.67,892978,-0.03,-1.111111111,2.685,0.03
11/06/2019,2.7,2.7,2.7,2.7,133135,0,0,2.7,0
10/06/2019,2.71,2.72,2.7,2.71,3034719,0,0,2.71,0.02
30/05/2019,2.67,2.71,2.67,2.69,664372,0.02,0.74906367,2.69,0.04
29/05/2019,2.66,2.69,2.66,2.67,177534,0.01,0.37593985,2.675,0.03
28/05/2019,2.7,2.7,2.67,2.67,1191792,-0.03,-1.111111111,2.685,0.03
27/05/2019,2.66,2.7,2.66,2.7,916230,0.04,1.503759398,2.68,0.04
23/05/2019,2.68,2.68,2.66,2.66,27350,-0.02,-0.746268657,2.67,0.02
22/05/2019,2.66,2.68,2.66,2.68,83574,0.02,0.751879699,2.67,0.02
21/05/2019,2.69,2.7,2.66,2.66,262198,-0.03,-1.115241636,2.68,0.04
20/05/2019,2.66,2.7,2.66,2.69,856715,0.03,1.127819549,2.68,0.04
16/05/2019,2.67,2.67,2.66,2.66,351503,-0.01,-0.374531835,2.665,0.01
15/05/2019,2.68,2.68,2.67,2.67,376111,-0.01,-0.373134328,2.675,0.01
14/05/2019,2.67,2.71,2.67,2.7,1669250,0.03,1.123595506,2.69,0.04
13/05/2019,2.68,2.68,2.67,2.67,891169,-0.01,-0.373134328,2.675,0.01
09/05/2019,2.66,2.74,2.66,2.7,1941391,0.04,1.503759398,2.7,0.08
08/05/2019,2.64,2.65,2.64,2.65,1280400,0.01,0.378787879,2.645,0.01
07/05/2019,2.65,2.65,2.63,2.63,321449,-0.02,-0.754716981,2.64,0.02
06/05/2019,2.63,2.65,2.63,2.65,1064344,0.02,0.760456274,2.64,0.02
02/05/2019,2.61,2.65,2.61,2.63,237743,0.02,0.766283525,2.63,0.04
01/05/2019,2.59,2.63,2.59,2.63,483605,0.04,1.544401544,2.61,0.04
30/04/2019,2.62,2.62,2.6,2.6,359153,-0.02,-0.763358779,2.61,0.02
29/04/2019,2.64,2.64,2.63,2.63,56791,-0.01,-0.378787879,2.635,0.01
25/04/2019,2.61,2.65,2.59,2.65,1392574,0.04,1.53256705,2.62,0.06
24/04/2019,2.59,2.62,2.59,2.61,7448223,0.02,0.772200772,2.605,0.03
23/04/2019,2.59,2.6,2.58,2.59,619615,0,0,2.59,0.02
22/04/2019,2.65,2.66,2.59,2.59,1170601,-0.06,-2.264150943,2.625,0.07
18/04/2019,2.67,2.67,2.61,2.61,2617846,-0.06,-2.247191011,2.64,0.06
17/04/2019,2.68,2.68,2.67,2.67,1159523,-0.01,-0.373134328,2.675,0.01
16/04/2019,2.68,2.7,2.67,2.69,593530,0.01,0.373134328,2.685,0.03
15/04/2019,2.67,2.72,2.66,2.68,5855433,0.01,0.374531835,2.69,0.06
11/04/2019,2.78,2.78,2.69,2.71,2580346,-0.07,-2.517985612,2.735,0.09
10/04/2019,2.8,2.83,2.79,2.8,2692683,0,0,2.81,0.04
09/04/2019,2.81,2.86,2.75,2.8,3108377,-0.01,-0.355871886,2.805,0.11
08/04/2019,2.71,2.82,2.71,2.81,3588799,0.1,3.6900369,2.765,0.11
04/04/2019,2.45,2.51,2.4,2.5,5269707,0.05,2.040816327,2.455,0.11
03/04/2019,2.31,2.51,2.27,2.45,10530290,0.14,6.060606061,2.39,0.24
02/04/2019,2.22,2.35,2.22,2.31,4107435,0.09,4.054054054,2.285,0.13
01/04/2019,2.25,2.25,2.22,2.22,310673,-0.03,-1.333333333,2.235,0.03
28/03/2019,2.25,2.25,2.25,2.25,93854,0,0,2.25,0
27/03/2019,2.22,2.25,2.22,2.25,452253,0.03,1.351351351,2.235,0.03
26/03/2019,2,2.23,2,2.21,16193640,0.21,10.5,2.115,0.23
25/03/2019,2.19,2.2,2.16,2.16,147735,-0.03,-1.369863014,2.18,0.04
21/03/2019,2.21,2.21,2.19,2.19,188665,-0.02,-0.904977376,2.2,0.02
20/03/2019,2.2,2.23,2.2,2.22,9088697,0.02,0.909090909,2.215,0.03
19/03/2019,2.19,2.2,2.19,2.2,2512413,0.01,0.456621005,2.195,0.01
18/03/2019,2.24,2.24,2.2,2.2,186418,-0.04,-1.785714286,2.22,0.04
14/03/2019,2.15,2.22,2.15,2.2,1899317,0.05,2.325581395,2.185,0.07
13/03/2019,2.19,2.19,2.16,2.16,109066,-0.03,-1.369863014,2.175,0.03
12/03/2019,2.2,2.21,2.19,2.19,4534897,-0.01,-0.454545455,2.2,0.02
11/03/2019,2.19,2.2,2.19,2.19,2944087,0,0,2.195,0.01
07/03/2019,2.2,2.21,2.19,2.19,519850,-0.01,-0.454545455,2.2,0.02
06/03/2019,2.19,2.21,2.18,2.21,837188,0.02,0.913242009,2.195,0.03
05/03/2019,2.22,2.22,2.19,2.19,2420689,-0.03,-1.351351351,2.205,0.03
04/03/2019,2.23,2.23,2.22,2.22,4005195,-0.01,-0.448430493,2.225,0.01
28/02/2019,2.23,2.23,2.21,2.23,461320,0,0,2.22,0.02
27/02/2019,2.24,2.24,2.24,2.24,230284,0,0,2.24,0
26/02/2019,2.23,2.25,2.23,2.24,1305948,0.01,0.448430493,2.24,0.02
25/02/2019,2.23,2.25,2.22,2.22,466234,-0.01,-0.448430493,2.235,0.03
21/02/2019,2.22,2.25,2.2,2.25,1378194,0.03,1.351351351,2.225,0.05
20/02/2019,2.18,2.21,2.18,2.21,1649758,0.03,1.376146789,2.195,0.03
19/02/2019,2.22,2.22,2.19,2.2,5893768,-0.02,-0.900900901,2.205,0.03
18/02/2019,2.24,2.24,2.22,2.23,187992,-0.01,-0.446428571,2.23,0.02
14/02/2019,2.26,2.26,2.21,2.21,396025,-0.05,-2.212389381,2.235,0.05
13/02/2019,2.24,2.25,2.24,2.24,5808974,0,0,2.245,0.01
12/02/2019,2.25,2.26,2.25,2.26,110975,0.01,0.444444444,2.255,0.01
11/02/2019,2.23,2.26,2.22,2.26,19559,0.03,1.34529148,2.24,0.04
07/02/2019,2.22,2.27,2.22,2.23,73723,0.01,0.45045045,2.245,0.05
06/02/2019,2.24,2.24,2.23,2.24,127881,0,0,2.235,0.01
05/02/2019,2.25,2.26,2.24,2.24,246854,-0.01,-0.444444444,2.25,0.02
04/02/2019,2.26,2.28,2.25,2.28,3608382,0.02,0.884955752,2.265,0.03
31/01/2019,2.28,2.31,2.28,2.31,267873,0.03,1.315789474,2.295,0.03
30/01/2019,2.29,2.32,2.28,2.32,1297780,0.03,1.310043668,2.3,0.04
29/01/2019,2.23,2.29,2.23,2.29,65690,0.06,2.69058296,2.26,0.06
28/01/2019,2.22,2.26,2.2,2.26,88558,0.04,1.801801802,2.23,0.06
24/01/2019,2.22,2.29,2.21,2.29,106096,0.07,3.153153153,2.25,0.08
23/01/2019,2.22,2.22,2.22,2.22,30085,0,0,2.22,0
22/01/2019,2.19,2.22,2.19,2.22,56537,0.03,1.369863014,2.205,0.03
21/01/2019,2.22,2.22,2.2,2.22,861333,0,0,2.21,0.02
17/01/2019,2.3,2.3,2.24,2.24,264125,-0.06,-2.608695652,2.27,0.06
16/01/2019,2.29,2.31,2.29,2.3,712069,0.01,0.436681223,2.3,0.02
15/01/2019,2.3,2.3,2.29,2.3,805620,0,0,2.295,0.01
14/01/2019,2.31,2.31,2.3,2.31,2165618,0,0,2.305,0.01
10/01/2019,2.31,2.32,2.31,2.32,40489,0.01,0.432900433,2.315,0.01
09/01/2019,2.34,2.34,2.31,2.33,300966,-0.01,-0.427350427,2.325,0.03
08/01/2019,2.31,2.34,2.29,2.34,874845,0.03,1.298701299,2.315,0.05
07/01/2019,2.31,2.31,2.3,2.3,1452827,-0.01,-0.432900433,2.305,0.01
03/01/2019,2.32,2.32,2.3,2.32,906302,0,0,2.31,0.02
02/01/2019,2.32,2.34,2.31,2.34,344165,0.02,0.862068966,2.325,0.03
31/12/2018,2.31,2.32,2.29,2.32,1077947,0.01,0.432900433,2.305,0.03
27/12/2018,2.3,2.31,2.3,2.3,2744140,0,0,2.305,0.01
26/12/2018,2.29,2.3,2.29,2.29,671749,0,0,2.295,0.01
25/12/2018,2.3,2.31,2.29,2.29,302158,-0.01,-0.434782609,2.3,0.02
24/12/2018,2.3,2.32,2.29,2.32,1424458,0.02,0.869565217,2.305,0.03
20/12/2018,2.3,2.31,2.29,2.31,904588,0.01,0.434782609,2.3,0.02
19/12/2018,2.28,2.3,2.28,2.3,114596,0.02,0.877192982,2.29,0.02
18/12/2018,2.28,2.29,2.28,2.28,3413940,0,0,2.285,0.01
17/12/2018,2.28,2.3,2.28,2.3,466580,0.02,0.877192982,2.29,0.02
13/12/2018,2.29,2.3,2.29,2.29,71976,0,0,2.295,0.01
12/12/2018,2.27,2.3,2.27,2.3,503000,0.03,1.321585903,2.285,0.03
11/12/2018,2.28,2.3,2.28,2.3,275294,0.02,0.877192982,2.29,0.02
10/12/2018,2.25,2.28,2.25,2.27,668176,0.02,0.888888889,2.265,0.03
06/12/2018,2.25,2.3,2.25,2.3,603613,0.05,2.222222222,2.275,0.05
05/12/2018,2.3,2.33,2.25,2.25,4057733,-0.05,-2.173913043,2.29,0.08
04/12/2018,2.32,2.34,2.32,2.33,853589,0.01,0.431034483,2.33,0.02
29/11/2018,2.29,2.32,2.29,2.32,603725,0.03,1.310043668,2.305,0.03
28/11/2018,2.3,2.3,2.25,2.27,2095834,-0.03,-1.304347826,2.275,0.05
27/11/2018,2.3,2.33,2.3,2.33,142932,0.03,1.304347826,2.315,0.03
26/11/2018,2.3,2.33,2.3,2.33,87082,0.03,1.304347826,2.315,0.03
22/11/2018,2.34,2.34,2.31,2.31,1505042,-0.03,-1.282051282,2.325,0.03
21/11/2018,2.34,2.35,2.28,2.33,1725186,-0.01,-0.427350427,2.315,0.07
20/11/2018,2.39,2.39,2.35,2.35,215665,-0.04,-1.673640167,2.37,0.04
19/11/2018,2.43,2.43,2.36,2.38,1102476,-0.05,-2.057613169,2.395,0.07
15/11/2018,2.37,2.43,2.37,2.43,1154221,0.06,2.53164557,2.4,0.06
14/11/2018,2.37,2.38,2.35,2.38,2053403,0.01,0.421940928,2.365,0.03
13/11/2018,2.37,2.38,2.36,2.38,3735164,0.01,0.421940928,2.37,0.02
12/11/2018,2.38,2.38,2.35,2.38,1201391,0,0,2.365,0.03
08/11/2018,2.39,2.39,2.34,2.37,206526,-0.02,-0.836820084,2.365,0.05
07/11/2018,2.35,2.38,2.35,2.38,337604,0.03,1.276595745,2.365,0.03
06/11/2018,2.36,2.37,2.3,2.37,2645488,0.01,0.423728814,2.335,0.07
05/11/2018,2.31,2.35,2.3,2.35,882951,0.04,1.731601732,2.325,0.05
01/11/2018,2.23,2.32,2.23,2.32,2686921,0.09,4.035874439,2.275,0.09
31/10/2018,2.22,2.23,2.21,2.22,607011,0,0,2.22,0.02
30/10/2018,2.18,2.2,2.13,2.2,6558732,0.02,0.917431193,2.165,0.07
29/10/2018,2.16,2.18,2.16,2.18,117995,0.02,0.925925926,2.17,0.02
25/10/2018,2.13,2.2,2.13,2.19,430845,0.06,2.816901408,2.165,0.07
24/10/2018,2.18,2.2,2.15,2.2,2016578,0.02,0.917431193,2.175,0.05
23/10/2018,2.23,2.23,2.2,2.2,1937320,-0.03,-1.34529148,2.215,0.03
22/10/2018,2.26,2.27,2.25,2.25,2287666,-0.01,-0.442477876,2.26,0.02
18/10/2018,2.18,2.25,2.18,2.25,1202412,0.07,3.211009174,2.215,0.07
17/10/2018,2.15,2.2,2.15,2.18,1605761,0.03,1.395348837,2.175,0.05
16/10/2018,2.25,2.25,2.19,2.19,1763760,-0.06,-2.666666667,2.22,0.06
15/10/2018,2.25,2.3,2.24,2.27,374418,0.02,0.888888889,2.27,0.06
11/10/2018,2.32,2.32,2.29,2.3,300527,-0.02,-0.862068966,2.305,0.03
10/10/2018,2.35,2.37,2.33,2.33,3023034,-0.02,-0.85106383,2.35,0.04
09/10/2018,2.34,2.39,2.34,2.35,1718176,0.01,0.427350427,2.365,0.05
08/10/2018,2.36,2.36,2.32,2.34,574525,-0.02,-0.847457627,2.34,0.04
04/10/2018,2.38,2.38,2.35,2.35,5558535,-0.03,-1.260504202,2.365,0.03
03/10/2018,2.39,2.39,2.38,2.38,11624300,-0.01,-0.418410042,2.385,0.01
02/10/2018,2.39,2.41,2.36,2.41,771552,0.02,0.836820084,2.385,0.05
01/10/2018,2.4,2.4,2.39,2.39,1064474,-0.01,-0.416666667,2.395,0.01
27/09/2018,2.42,2.42,2.39,2.39,502277,-0.03,-1.239669421,2.405,0.03
26/09/2018,2.39,2.42,2.39,2.42,475411,0.03,1.255230126,2.405,0.03
25/09/2018,2.4,2.4,2.39,2.39,205614,-0.01,-0.416666667,2.395,0.01
24/09/2018,2.41,2.44,2.4,2.4,323549,-0.01,-0.414937759,2.42,0.04
20/09/2018,2.38,2.41,2.38,2.38,200505,0,0,2.395,0.03
19/09/2018,2.38,2.38,2.38,2.38,134809,0,0,2.38,0
18/09/2018,2.39,2.4,2.38,2.39,1357756,0,0,2.39,0.02
17/09/2018,2.44,2.44,2.4,2.41,923941,-0.03,-1.229508197,2.42,0.04
12/09/2018,2.44,2.44,2.44,2.44,4332,0,0,2.44,0
11/09/2018,2.44,2.45,2.43,2.45,661504,0.01,0.409836066,2.44,0.02
10/09/2018,2.45,2.46,2.44,2.45,414136,0,0,2.45,0.02
06/09/2018,2.41,2.45,2.41,2.45,1412653,0.04,1.659751037,2.43,0.04
05/09/2018,2.36,2.45,2.36,2.45,1455367,0.09,3.813559322,2.405,0.09
04/09/2018,2.39,2.41,2.39,2.39,468411,0,0,2.4,0.02
03/09/2018,2.43,2.43,2.37,2.4,1327884,-0.03,-1.234567901,2.4,0.06
30/08/2018,2.41,2.45,2.41,2.45,189760,0.04,1.659751037,2.43,0.04
29/08/2018,2.47,2.47,2.41,2.47,567693,0,0,2.44,0.06
28/08/2018,2.38,2.46,2.38,2.45,1736326,0.07,2.941176471,2.42,0.08
27/08/2018,2.36,2.38,2.36,2.38,174557,0.02,0.847457627,2.37,0.02
16/08/2018,2.36,2.4,2.35,2.35,665838,-0.01,-0.423728814,2.375,0.05
15/08/2018,2.36,2.36,2.36,2.36,1415405,0,0,2.36,0
14/08/2018,2.36,2.39,2.36,2.36,20446779,0,0,2.375,0.03
13/08/2018,2.4,2.4,2.36,2.36,264108,-0.04,-1.666666667,2.38,0.04
09/08/2018,2.36,2.44,2.36,2.44,6510,0.08,3.389830508,2.4,0.08
08/08/2018,2.46,2.46,2.36,2.36,1333666,-0.1,-4.06504065,2.41,0.1
07/08/2018,2.47,2.48,2.44,2.46,1127510,-0.01,-0.4048583,2.46,0.04
06/08/2018,2.47,2.48,2.47,2.47,233636,0,0,2.475,0.01
02/08/2018,2.5,2.5,2.5,2.5,1000,0,0,2.5,0
01/08/2018,2.5,2.5,2.5,2.5,66839,0,0,2.5,0
31/07/2018,2.5,2.51,2.47,2.47,8082865,-0.03,-1.2,2.49,0.04
30/07/2018,2.5,2.52,2.5,2.52,337842,0.02,0.8,2.51,0.02
26/07/2018,2.47,2.5,2.47,2.47,224080,0,0,2.485,0.03
25/07/2018,2.46,2.52,2.46,2.46,985978,0,0,2.49,0.06
24/07/2018,2.51,2.52,2.47,2.47,165393,-0.04,-1.593625498,2.495,0.05
23/07/2018,2.47,2.54,2.47,2.5,33073262,0.03,1.214574899,2.505,0.07
19/07/2018,2.46,2.47,2.46,2.46,181091,0,0,2.465,0.01
18/07/2018,2.46,2.47,2.46,2.46,408716,0,0,2.465,0.01
17/07/2018,2.47,2.47,2.45,2.46,1178524,-0.01,-0.4048583,2.46,0.02
16/07/2018,2.46,2.48,2.46,2.47,418694,0.01,0.406504065,2.47,0.02
12/07/2018,2.43,2.47,2.43,2.47,1071181,0.04,1.646090535,2.45,0.04
11/07/2018,2.42,2.44,2.42,2.43,124175,0.01,0.41322314,2.43,0.02
10/07/2018,2.42,2.43,2.42,2.42,207616,0,0,2.425,0.01
09/07/2018,2.42,2.45,2.42,2.42,476828,0,0,2.435,0.03
05/07/2018,2.4,2.44,2.4,2.44,105309,0.04,1.666666667,2.42,0.04
04/07/2018,2.41,2.42,2.4,2.4,178891,-0.01,-0.414937759,2.41,0.02
03/07/2018,2.4,2.4,2.4,2.4,169348,0,0,2.4,0
02/07/2018,2.4,2.4,2.4,2.4,1060383,0,0,2.4,0
28/06/2018,2.35,2.38,2.35,2.37,2525157,0.02,0.85106383,2.365,0.03
27/06/2018,2.32,2.36,2.32,2.35,2145406,0.03,1.293103448,2.34,0.04
26/06/2018,2.34,2.38,2.34,2.38,234633,0.04,1.709401709,2.36,0.04
25/06/2018,2.4,2.4,2.34,2.34,435605,-0.06,-2.5,2.37,0.06
21/06/2018,2.34,2.39,2.34,2.39,269000,0.05,2.136752137,2.365,0.05
20/06/2018,2.37,2.38,2.25,2.33,448337,-0.04,-1.687763713,2.315,0.13
19/06/2018,2.37,2.39,2.35,2.35,290003,-0.02,-0.843881857,2.37,0.04
18/06/2018,2.37,2.4,2.37,2.4,92487,0.03,1.265822785,2.385,0.03
14/06/2018,2.42,2.42,2.42,2.42,320216,0,0,2.42,0
13/06/2018,2.38,2.43,2.38,2.43,1038853,0.05,2.100840336,2.405,0.05
12/06/2018,2.37,2.38,2.35,2.35,931695,-0.02,-0.843881857,2.365,0.03
11/06/2018,2.39,2.39,2.38,2.38,808786,-0.01,-0.418410042,2.385,0.01
07/06/2018,2.43,2.43,2.39,2.39,1384333,-0.04,-1.646090535,2.41,0.04
06/06/2018,2.48,2.48,2.42,2.42,1589608,-0.06,-2.419354839,2.45,0.06
05/06/2018,2.46,2.48,2.46,2.48,886539,0.02,0.81300813,2.47,0.02
04/06/2018,2.48,2.5,2.46,2.46,1403084,-0.02,-0.806451613,2.48,0.04
31/05/2018,2.48,2.5,2.48,2.48,1428833,0,0,2.49,0.02
30/05/2018,2.46,2.5,2.45,2.5,1267095,0.04,1.62601626,2.475,0.05
29/05/2018,2.49,2.49,2.46,2.46,78905,-0.03,-1.204819277,2.475,0.03
28/05/2018,2.5,2.5,2.47,2.48,367427,-0.02,-0.8,2.485,0.03
24/05/2018,2.48,2.48,2.46,2.46,548962,-0.02,-0.806451613,2.47,0.02
23/05/2018,2.47,2.5,2.47,2.47,346370,0,0,2.485,0.03
22/05/2018,2.46,2.5,2.46,2.47,65473,0.01,0.406504065,2.48,0.04
21/05/2018,2.48,2.49,2.48,2.49,400954,0.01,0.403225806,2.485,0.01
17/05/2018,2.5,2.51,2.48,2.5,622031,0,0,2.495,0.03
16/05/2018,2.48,2.5,2.45,2.5,563436,0.02,0.806451613,2.475,0.05
15/05/2018,2.45,2.49,2.45,2.47,11371,0.02,0.816326531,2.47,0.04
14/05/2018,2.47,2.5,2.44,2.44,375833,-0.03,-1.214574899,2.47,0.06
10/05/2018,2.48,2.51,2.48,2.51,219071,0.03,1.209677419,2.495,0.03
09/05/2018,2.52,2.52,2.48,2.5,2755942,-0.02,-0.793650794,2.5,0.04
08/05/2018,2.5,2.5,2.5,2.5,199122,0,0,2.5,0
07/05/2018,2.54,2.54,2.5,2.5,666307,-0.04,-1.57480315,2.52,0.04
03/05/2018,2.44,2.48,2.43,2.47,348199,0.03,1.229508197,2.455,0.05
02/05/2018,2.43,2.48,2.43,2.44,210931,0.01,0.411522634,2.455,0.05
01/05/2018,2.45,2.45,2.43,2.43,282867,-0.02,-0.816326531,2.44,0.02
30/04/2018,2.44,2.45,2.42,2.45,693928,0.01,0.409836066,2.435,0.03
26/04/2018,2.44,2.45,2.42,2.44,53778,0,0,2.435,0.03
25/04/2018,2.49,2.49,2.44,2.44,973882,-0.05,-2.008032129,2.465,0.05
24/04/2018,2.45,2.45,2.44,2.45,1486309,0,0,2.445,0.01
23/04/2018,2.5,2.5,2.45,2.45,769109,-0.05,-2,2.475,0.05
19/04/2018,2.47,2.49,2.44,2.46,473153,-0.01,-0.4048583,2.465,0.05
18/04/2018,2.49,2.49,2.47,2.48,185139,-0.01,-0.401606426,2.48,0.02
17/04/2018,2.53,2.53,2.49,2.49,1654751,-0.04,-1.581027668,2.51,0.04
16/04/2018,2.54,2.54,2.5,2.53,2002663,-0.01,-0.393700787,2.52,0.04
12/04/2018,2.57,2.57,2.55,2.55,703281,-0.02,-0.778210117,2.56,0.02
11/04/2018,2.58,2.6,2.58,2.58,882058,0,0,2.59,0.02
10/04/2018,2.62,2.62,2.59,2.59,471133,-0.03,-1.145038168,2.605,0.03
09/04/2018,2.62,2.64,2.58,2.61,229052,-0.01,-0.381679389,2.61,0.06
05/04/2018,2.63,2.64,2.6,2.63,584112,0,0,2.62,0.04
04/04/2018,2.62,2.64,2.62,2.64,590187,0.02,0.763358779,2.63,0.02
03/04/2018,2.6,2.6,2.57,2.57,611043,-0.03,-1.153846154,2.585,0.03
02/04/2018,2.67,2.67,2.58,2.62,2236304,-0.05,-1.872659176,2.625,0.09
29/03/2018,2.68,2.68,2.64,2.64,1986683,-0.04,-1.492537313,2.66,0.04
28/03/2018,2.67,2.7,2.65,2.67,3627017,0,0,2.675,0.05
27/03/2018,2.67,2.69,2.67,2.68,2507090,0.01,0.374531835,2.68,0.02
26/03/2018,2.61,2.66,2.6,2.66,3549145,0.05,1.915708812,2.63,0.06
22/03/2018,2.62,2.64,2.62,2.63,143799,0.01,0.381679389,2.63,0.02
21/03/2018,2.61,2.65,2.61,2.65,887358,0.04,1.53256705,2.63,0.04
20/03/2018,2.61,2.63,2.6,2.61,2076663,0,0,2.615,0.03
19/03/2018,2.63,2.63,2.61,2.62,717064,-0.01,-0.380228137,2.62,0.02
15/03/2018,2.63,2.63,2.55,2.55,4010410,-0.08,-3.041825095,2.59,0.08
14/03/2018,2.63,2.64,2.62,2.62,325371,-0.01,-0.380228137,2.63,0.02
13/03/2018,2.63,2.64,2.63,2.64,423164,0.01,0.380228137,2.635,0.01
12/03/2018,2.62,2.64,2.62,2.63,508836,0.01,0.381679389,2.63,0.02
08/03/2018,2.64,2.67,2.64,2.66,300622,0.02,0.757575758,2.655,0.03
07/03/2018,2.64,2.64,2.64,2.64,18581,0,0,2.64,0
06/03/2018,2.63,2.65,2.62,2.65,3359498,0.02,0.760456274,2.635,0.03
05/03/2018,2.64,2.65,2.63,2.63,557954,-0.01,-0.378787879,2.64,0.02
01/03/2018,2.64,2.66,2.64,2.66,77607,0.02,0.757575758,2.65,0.02
28/02/2018,2.65,2.69,2.62,2.69,2371055,0.04,1.509433962,2.655,0.07
27/02/2018,2.66,2.66,2.6,2.65,790194,-0.01,-0.37593985,2.63,0.06
26/02/2018,2.68,2.69,2.67,2.67,867820,-0.01,-0.373134328,2.68,0.02
22/02/2018,2.68,2.69,2.66,2.67,188375,-0.01,-0.373134328,2.675,0.03
21/02/2018,2.66,2.68,2.66,2.67,238090,0.01,0.37593985,2.67,0.02
20/02/2018,2.66,2.66,2.64,2.65,1776630,-0.01,-0.37593985,2.65,0.02
19/02/2018,2.67,2.7,2.64,2.66,414454,-0.01,-0.374531835,2.67,0.06
15/02/2018,2.66,2.67,2.64,2.64,1825334,-0.02,-0.751879699,2.655,0.03
14/02/2018,2.69,2.7,2.66,2.66,284352,-0.03,-1.115241636,2.68,0.04
13/02/2018,2.68,2.75,2.66,2.66,3288332,-0.02,-0.746268657,2.705,0.09
12/02/2018,2.64,2.71,2.64,2.7,3054104,0.06,2.272727273,2.675,0.07
08/02/2018,2.65,2.67,2.63,2.65,1227972,0,0,2.65,0.04
07/02/2018,2.6,2.69,2.6,2.67,9211166,0.07,2.692307692,2.645,0.09
06/02/2018,2.6,2.65,2.54,2.59,1100582,-0.01,-0.384615385,2.595,0.11
05/02/2018,2.65,2.66,2.63,2.65,1445649,0,0,2.645,0.03
01/02/2018,2.67,2.7,2.67,2.7,54324,0.03,1.123595506,2.685,0.03
31/01/2018,2.7,2.7,2.68,2.69,134330,-0.01,-0.37037037,2.69,0.02
30/01/2018,2.71,2.71,2.67,2.68,3902249,-0.03,-1.10701107,2.69,0.04
29/01/2018,2.71,2.71,2.69,2.71,496713,0,0,2.7,0.02
25/01/2018,2.68,2.74,2.68,2.7,4494768,0.02,0.746268657,2.71,0.06
24/01/2018,2.72,2.73,2.69,2.69,1709652,-0.03,-1.102941176,2.71,0.04
23/01/2018,2.73,2.74,2.7,2.72,1837090,-0.01,-0.366300366,2.72,0.04
22/01/2018,2.7,2.74,2.69,2.71,4853971,0.01,0.37037037,2.715,0.05
18/01/2018,2.62,2.67,2.62,2.65,4554739,0.03,1.145038168,2.645,0.05
17/01/2018,2.62,2.64,2.61,2.64,275340,0.02,0.763358779,2.625,0.03
16/01/2018,2.64,2.64,2.63,2.64,2365232,0,0,2.635,0.01
15/01/2018,2.62,2.64,2.6,2.64,7783377,0.02,0.763358779,2.62,0.04
11/01/2018,2.61,2.63,2.61,2.62,9284711,0.01,0.383141762,2.62,0.02
10/01/2018,2.62,2.62,2.6,2.62,12534170,0,0,2.61,0.02
09/01/2018,2.62,2.63,2.62,2.62,3761105,0,0,2.625,0.01
08/01/2018,2.65,2.66,2.61,2.62,599426,-0.03,-1.132075472,2.635,0.05
04/01/2018,2.62,2.64,2.61,2.62,438003,0,0,2.625,0.03
03/01/2018,2.6,2.64,2.6,2.64,1158370,0.04,1.538461538,2.62,0.04
02/01/2018,2.6,2.65,2.6,2.63,488737,0.03,1.153846154,2.625,0.05
